sample,GyrA,GyrB,ParC,ParE
26141_1_191,0,0,0,0
28099_2_194,0,0,0,0
26141_1_276,0,0,0,0
28099_2_40,0,0,0,0
28099_1_73,0,0,0,0
26141_1_239,0,0,0,0
28099_1_119,0,0,0,0
28099_1_270,0,0,0,0
28099_1_274,0,0,0,0
28099_1_83,0,0,0,0
28099_2_198,0,0,0,0
28099_1_277,0,0,0,0
28099_1_104,0,0,0,0
28099_1_307,0,0,0,0
28099_1_137,0,0,0,0
28099_1_222,0,0,0,0
28099_1_374,0,0,0,0
28099_2_231,0,0,0,0
28099_1_191,0,0,0,0
28099_2_243,0,0,0,0
28099_1_363,0,0,0,0
28099_1_34,0,0,0,0
28099_1_355,0,0,0,0
26141_1_253,0,0,0,0
26141_1_266,0,0,0,0
28099_1_55,0,0,0,0
28099_1_192,0,0,0,0
26141_1_154,0,0,0,0
28099_1_199,0,0,0,0
28099_1_212,0,0,0,0
28099_2_32,0,0,0,0
28099_1_38,0,0,0,0
28099_1_87,0,0,0,0
26141_1_283,0,0,0,0
26141_1_184,0,0,0,0
28099_1_107,0,0,0,0
26141_1_230,0,0,0,0
28099_2_92,0,0,0,0
28099_1_234,0,0,0,0
28099_2_186,0,0,0,0
28099_1_63,0,0,0,0
28099_1_86,0,0,0,0
28099_2_299,0,0,0,0
28099_1_238,0,0,0,0
28099_1_189,0,0,0,0
26141_1_290,0,0,0,0
26141_1_192,0,0,0,0
26141_1_193,0,0,0,0
28099_2_227,0,0,0,0
26141_1_196,0,0,0,0
28099_1_240,0,0,0,0
26141_1_287,0,0,0,0
28099_1_284,0,0,0,0
28099_1_103,0,0,0,0
28099_1_193,0,0,0,0
28099_1_286,0,0,0,0
28099_1_179,0,0,0,0
28099_2_24,0,0,0,0
26141_1_288,0,0,0,0
26141_1_208,0,0,0,0
28099_1_100,0,0,0,0
28099_1_345,0,0,0,0
28099_1_373,0,0,0,0
28099_1_81,0,0,0,0
28099_1_61,0,0,0,0
28099_1_93,0,0,0,0
28099_1_248,0,0,0,0
26141_1_220,0,0,0,0
28099_1_161,0,0,0,0
28099_1_221,0,0,0,0
28099_1_225,0,0,0,0
28099_1_278,0,0,0,0
28099_1_228,0,0,0,0
26141_1_259,0,0,0,0
28099_1_216,0,0,0,0
28099_2_3,0,0,0,0
28099_1_98,0,0,0,0
26141_1_289,0,0,0,0
28099_2_142,0,0,0,0
28099_2_64,0,0,0,0
26141_1_175,0,0,0,0
28099_1_258,0,0,0,0
28099_1_200,0,0,0,0
28099_2_150,0,0,0,0
26141_1_149,0,0,0,0
28099_1_128,0,0,0,0
28099_2_44,0,0,0,0
28099_1_135,0,0,0,0
28099_1_211,0,0,0,0
28099_1_229,0,0,0,0
28099_1_242,0,0,0,0
28099_2_36,0,0,0,0
28099_1_273,0,0,0,0
26141_1_202,0,0,0,0
28099_1_257,0,0,0,0
28099_1_375,0,0,0,0
26141_1_177,0,0,0,0
28099_1_321,0,0,0,0
28099_1_43,0,0,0,0
28099_1_213,0,0,0,0
26141_1_180,0,0,0,0
26141_1_215,0,0,0,0
26141_1_261,0,0,0,0
26141_1_263,0,0,0,0
26141_1_265,0,0,0,0
28099_1_133,0,0,0,0
26141_1_275,0,0,0,0
26141_1_282,0,0,0,0
26141_1_241,0,0,0,0
26141_1_134,1,0,1,1
26141_1_135,1,0,1,1
26141_1_136,1,0,1,1
26141_1_137,1,0,1,0
26141_1_138,1,0,1,1
26141_1_139,1,0,1,0
26141_1_140,1,0,1,1
26141_1_141,1,0,1,0
26141_1_142,1,0,0,0
26141_1_143,1,0,0,0
26141_1_144,1,0,0,0
26141_1_145,1,0,1,1
26141_1_146,1,0,0,0
26141_1_147,1,0,0,0
26141_1_148,1,0,1,1
26141_1_150,1,0,1,0
26141_1_151,1,0,1,0
26141_1_152,1,0,1,1
26141_1_153,1,0,1,0
26141_1_155,1,0,1,1
26141_1_156,1,0,1,0
26141_1_157,1,0,1,1
26141_1_158,1,0,1,0
26141_1_159,1,0,1,1
26141_1_160,1,0,0,0
26141_1_161,1,0,1,1
26141_1_162,1,0,1,1
26141_1_164,1,0,1,1
26141_1_165,1,0,1,1
26141_1_166,1,0,1,0
26141_1_168,1,0,0,0
26141_1_169,1,0,1,1
26141_1_170,1,0,1,1
26141_1_171,1,0,1,1
26141_1_172,1,0,1,0
26141_1_173,1,0,1,0
26141_1_174,1,0,1,0
26141_1_176,1,0,1,1
26141_1_178,1,0,1,1
26141_1_179,1,0,1,1
26141_1_181,1,0,1,1
26141_1_182,1,0,1,1
26141_1_183,1,0,0,0
26141_1_186,1,0,1,0
26141_1_187,1,0,1,1
26141_1_189,1,0,1,1
26141_1_190,1,0,1,1
26141_1_194,1,0,0,0
26141_1_195,1,0,1,1
26141_1_197,1,0,0,0
26141_1_198,1,0,0,0
26141_1_199,1,0,0,0
26141_1_200,1,0,0,0
26141_1_201,1,0,1,1
26141_1_203,1,0,0,0
26141_1_204,1,0,1,1
26141_1_205,1,0,1,1
26141_1_206,1,0,1,1
26141_1_207,1,0,1,1
26141_1_209,1,0,1,1
26141_1_210,1,0,1,1
26141_1_211,1,0,1,0
26141_1_212,1,0,1,1
26141_1_213,1,0,0,0
26141_1_214,1,0,1,1
26141_1_217,1,0,1,0
26141_1_218,1,0,1,1
26141_1_219,1,0,1,1
26141_1_221,1,0,1,1
26141_1_222,1,0,1,1
26141_1_223,1,0,1,1
26141_1_224,1,0,0,0
26141_1_225,1,0,0,0
26141_1_226,1,0,1,1
26141_1_227,1,0,1,0
26141_1_228,1,0,1,0
26141_1_229,1,0,0,0
26141_1_232,1,0,1,1
26141_1_236,1,0,1,1
26141_1_237,1,0,1,0
26141_1_240,1,0,1,1
26141_1_242,1,0,1,1
26141_1_243,1,0,1,0
26141_1_244,1,0,1,1
26141_1_246,1,0,1,0
26141_1_247,1,0,1,1
26141_1_248,1,0,1,1
26141_1_250,1,0,1,1
26141_1_251,1,0,1,1
26141_1_252,1,0,1,1
26141_1_254,1,0,1,1
26141_1_255,1,0,1,0
26141_1_256,1,0,1,1
26141_1_257,1,0,1,0
26141_1_258,1,0,1,1
26141_1_260,1,0,1,1
26141_1_262,1,0,0,0
26141_1_267,1,0,1,1
26141_1_268,1,0,1,1
26141_1_270,1,0,1,1
26141_1_271,1,0,0,0
26141_1_272,1,0,1,1
26141_1_273,1,0,1,1
26141_1_274,1,0,1,1
26141_1_277,1,0,1,0
26141_1_278,1,0,1,0
26141_1_279,1,0,1,0
26141_1_280,1,0,1,0
26141_1_284,1,0,1,1
26141_1_285,1,0,1,1
26141_1_286,1,0,1,1
26141_1_291,1,0,0,0
26141_1_292,1,0,1,0
26141_1_293,1,0,1,1
26141_1_295,1,0,1,1
26141_1_296,1,0,1,1
26141_1_297,1,0,1,1
26141_1_298,1,0,1,1
26141_1_299,1,0,1,1
28099_1_1,1,0,1,1
28099_1_10,1,0,1,1
28099_1_102,1,0,1,1
28099_1_106,1,0,1,1
28099_1_11,1,0,1,1
28099_1_110,1,0,0,0
28099_1_111,1,0,0,0
28099_1_112,1,0,1,1
28099_1_114,1,0,1,1
28099_1_115,1,0,1,1
28099_1_116,1,0,1,1
28099_1_118,1,0,1,1
28099_1_120,1,0,1,0
28099_1_123,1,0,1,1
28099_1_125,1,0,1,1
28099_1_127,1,0,1,1
28099_1_129,1,0,1,1
28099_1_131,1,0,1,1
28099_1_132,1,0,1,1
28099_1_136,1,0,1,1
28099_1_139,1,0,1,1
28099_1_14,1,0,1,0
28099_1_141,1,0,1,1
28099_1_143,1,0,0,0
28099_1_144,1,0,1,0
28099_1_145,1,0,1,1
28099_1_148,1,0,1,1
28099_1_149,1,0,1,1
28099_1_151,1,0,1,0
28099_1_152,1,0,1,1
28099_1_153,1,0,1,0
28099_1_155,1,0,1,1
28099_1_156,1,0,1,1
28099_1_157,1,0,0,0
28099_1_159,1,0,1,0
28099_1_160,1,0,1,1
28099_1_163,1,0,1,1
28099_1_165,1,0,1,1
28099_1_167,1,0,0,0
28099_1_168,1,0,1,1
28099_1_169,1,0,1,1
28099_1_171,1,0,1,1
28099_1_172,1,0,1,1
28099_1_173,1,0,0,0
28099_1_175,1,0,1,0
28099_1_176,1,0,1,1
28099_1_177,1,0,1,1
28099_1_18,1,0,1,0
28099_1_180,1,1,0,1
28099_1_181,1,0,1,1
28099_1_185,1,0,1,0
28099_1_187,1,0,1,1
28099_1_188,1,0,1,0
28099_1_19,1,0,1,0
28099_1_195,1,0,1,1
28099_1_196,1,0,1,1
28099_1_2,1,0,1,1
28099_1_203,1,0,1,1
28099_1_204,1,0,1,1
28099_1_205,1,0,0,0
28099_1_207,1,0,0,0
28099_1_208,1,0,1,1
28099_1_209,1,0,1,1
28099_1_214,1,0,1,1
28099_1_217,1,0,1,1
28099_1_218,1,0,1,1
28099_1_22,1,0,1,0
28099_1_220,1,0,1,1
28099_1_224,1,0,1,0
28099_1_226,1,0,1,1
28099_1_23,1,0,1,0
28099_1_230,1,0,1,1
28099_1_232,1,0,0,0
28099_1_233,1,0,0,0
28099_1_236,1,0,0,0
28099_1_237,1,0,1,0
28099_1_241,1,0,1,1
28099_1_244,1,0,0,0
28099_1_245,1,0,1,1
28099_1_246,0,0,0,1
28099_1_249,1,0,1,0
28099_1_250,1,0,0,1
28099_1_252,1,0,1,1
28099_1_253,1,0,1,0
28099_1_254,1,0,1,0
28099_1_256,1,0,1,1
28099_1_26,1,0,1,1
28099_1_260,1,0,1,0
28099_1_261,1,0,1,1
28099_1_264,1,0,1,1
28099_1_266,1,0,1,1
28099_1_268,1,0,1,1
28099_1_269,1,0,0,0
28099_1_27,1,0,0,0
28099_1_272,1,0,1,0
28099_1_280,1,0,1,1
28099_1_281,1,0,0,0
28099_1_282,1,0,1,1
28099_1_285,1,0,1,1
28099_1_288,1,0,1,1
28099_1_289,1,0,1,1
28099_1_293,1,0,0,0
28099_1_294,1,0,1,0
28099_1_297,1,0,1,1
28099_1_30,1,0,1,1
28099_1_300,1,0,1,0
28099_1_301,1,0,1,1
28099_1_302,1,0,1,1
28099_1_303,1,0,1,1
28099_1_305,1,0,0,0
28099_1_306,1,0,0,0
28099_1_309,1,0,0,0
28099_1_31,1,0,0,0
28099_1_311,1,0,1,1
28099_1_313,1,0,1,0
28099_1_314,1,0,1,1
28099_1_315,1,0,1,1
28099_1_317,1,0,1,1
28099_1_318,1,0,1,1
28099_1_319,1,0,1,1
28099_1_322,1,0,1,1
28099_1_323,1,0,1,1
28099_1_325,1,0,1,1
28099_1_326,1,0,1,1
28099_1_327,1,0,1,1
28099_1_329,1,0,1,1
28099_1_330,1,0,1,0
28099_1_331,1,0,1,1
28099_1_333,1,0,1,0
28099_1_334,1,0,1,1
28099_1_335,1,0,0,0
28099_1_337,1,0,1,1
28099_1_338,1,0,1,1
28099_1_339,1,0,1,1
28099_1_341,1,0,1,1
28099_1_342,1,0,1,0
28099_1_343,1,0,1,1
28099_1_346,1,0,1,1
28099_1_347,1,0,1,1
28099_1_349,1,0,0,0
28099_1_35,1,0,1,1
28099_1_350,1,0,1,1
28099_1_351,1,0,1,0
28099_1_353,1,0,1,1
28099_1_354,1,0,0,0
28099_1_357,1,0,1,0
28099_1_358,0,0,0,1
28099_1_359,1,0,1,1
28099_1_361,1,0,1,1
28099_1_362,1,0,1,1
28099_1_365,1,0,0,0
28099_1_366,1,0,1,1
28099_1_367,1,0,1,1
28099_1_370,1,0,0,0
28099_1_371,1,0,0,0
28099_1_377,1,0,1,1
28099_1_378,1,0,1,1
28099_1_379,1,0,1,1
28099_1_381,1,0,0,0
28099_1_382,1,0,1,0
28099_1_383,1,0,1,0
28099_1_39,1,0,1,1
28099_1_41,1,0,1,1
28099_1_42,1,0,1,1
28099_1_46,1,0,0,0
28099_1_47,1,0,1,1
28099_1_49,1,0,1,1
28099_1_50,1,0,0,0
28099_1_51,1,0,1,0
28099_1_53,1,0,0,0
28099_1_54,1,0,1,1
28099_1_57,1,0,1,0
28099_1_58,1,0,1,1
28099_1_59,1,0,1,1
28099_1_62,1,0,0,0
28099_1_65,1,0,1,0
28099_1_66,1,0,1,1
28099_1_69,1,0,1,1
28099_1_7,1,0,1,1
28099_1_70,1,0,0,0
28099_1_71,1,0,1,1
28099_1_74,1,0,1,0
28099_1_75,1,0,1,1
28099_1_77,1,0,1,1
28099_1_78,1,0,1,1
28099_1_79,1,0,1,1
28099_1_82,1,0,1,0
28099_1_85,1,0,1,1
28099_1_89,1,0,1,1
28099_1_90,1,0,1,1
28099_1_91,1,0,1,0
28099_1_94,1,0,1,1
28099_1_95,1,0,1,0
28099_1_99,1,0,1,0
28099_2_101,1,0,1,1
28099_2_105,1,0,1,1
28099_2_109,1,0,0,0
28099_2_113,1,0,1,1
28099_2_117,1,0,1,0
28099_2_12,1,0,1,0
28099_2_121,1,0,1,1
28099_2_126,1,0,1,0
28099_2_130,1,0,1,1
28099_2_138,1,0,1,0
28099_2_146,1,0,1,1
28099_2_154,1,0,1,0
28099_2_158,1,0,0,0
28099_2_16,1,0,1,0
28099_2_162,1,0,1,1
28099_2_166,1,0,1,1
28099_2_170,1,0,1,0
28099_2_174,1,0,1,0
28099_2_178,0,0,1,0
28099_2_182,1,0,0,0
28099_2_190,1,0,1,1
28099_2_206,1,0,1,1
28099_2_210,1,0,1,1
28099_2_215,1,0,0,0
28099_2_219,1,0,1,0
28099_2_223,1,0,1,1
28099_2_235,1,0,1,0
28099_2_239,1,0,1,1
28099_2_247,1,0,1,0
28099_2_251,1,0,0,1
28099_2_255,1,0,0,0
28099_2_259,1,0,1,1
28099_2_263,1,0,1,1
28099_2_283,1,0,1,1
28099_2_287,1,0,0,0
28099_2_291,1,0,1,1
28099_2_295,1,0,1,1
28099_2_304,1,0,1,1
28099_2_308,1,1,0,0
28099_2_316,1,0,1,1
28099_2_320,1,0,1,0
28099_2_48,1,0,1,1
28099_2_56,1,0,0,0
28099_2_60,1,0,1,1
28099_2_76,1,0,1,1
28099_2_8,1,0,1,1
28099_2_80,1,0,1,0
28099_2_84,1,0,1,1
28099_2_88,1,0,1,1
28099_2_96,1,0,1,0
28099_2_97,1,0,1,1