"Study ID",Sample,"Lane Name",Cycles,Reads,Bases,"Map Type",Reference,"Reference Size",Mapper,"Mapstats ID","Mapped %","Paired %","Mean Insert Size","Depth of Coverage","Depth of Coverage sd","Adapter %","Transposon %","Genome Covered","Duplication Rate","Error Rate","NPG QC","Manual QC","No. Het SNPs","% Het SNPs (Total Genome)","% Het SNPs (Genome Covered)","% Het SNPs (Total No. of SNPs)","QC Pipeline","Mapping Pipeline","Archiving Pipeline","SNP Calling Pipeline","RNASeq Pipeline","Assembly Pipeline","Annotation Pipeline"
5341,DASSIM7486811,26141_1#134,151,2474060,373583060,QC,Escherichia_coli_K_12_substr_MG1655_TMP32XR1_GCF_001308125_1,4641684,bwa,2168709,79.6,78.9,460.7,64.05,32.34,0.1,NA,89.33,0.0346,0.012,pass,pending,237,0.01,0.01,1.28,Done,Done,Done,Done,-,Done,Done
5341,DASSIM7486812,26141_1#135,151,2387830,360562330,QC,Escherichia_coli_K_12_substr_MG1655_TMP32XR1_GCF_001308125_1,4641684,bwa,2168712,79.9,79.2,459.6,62.04,31.44,0.1,NA,89.44,0.0334,0.012,pass,pending,254,0.01,0.01,1.39,Done,Done,Done,Done,-,Done,Done
5341,DASSIM7486813,26141_1#136,151,2619482,395541782,QC,Escherichia_coli_K_12_substr_MG1655_TMP32XR1_GCF_001308125_1,4641684,bwa,2168715,80.1,79.3,462,68.19,34.41,0.1,NA,89.37,0.0339,0.012,pass,pending,245,0.01,0.01,1.29,Done,Done,Done,Done,-,Done,Done
5341,DASSIM7486814,26141_1#137,151,2509172,378884972,QC,Escherichia_coli_K_12_substr_MG1655_TMP32XR1_GCF_001308125_1,4641684,bwa,2168718,53.5,52.9,454.4,43.62,26.67,0.1,NA,86.43,0.0341,0.026,pass,pending,105,0.00,0.00,0.36,Done,Done,Done,Done,-,Done,Done
5341,DASSIM7486815,26141_1#138,151,2453782,370521082,QC,Escherichia_coli_K_12_substr_MG1655_TMP32XR1_GCF_001308125_1,4641684,bwa,2168721,89.9,89.3,457,71.76,28.65,0.1,NA,93.42,0.0342,0.007,pass,pending,95,0.00,0.00,1.62,Done,Done,Done,Done,-,Done,Done
5341,DASSIM7486816,26141_1#139,151,2347318,354445018,QC,Escherichia_coli_K_12_substr_MG1655_TMP32XR1_GCF_001308125_1,4641684,bwa,2168724,68.0,67.3,453.3,51.90,29.55,0.1,NA,86.55,0.0328,0.026,pass,pending,62,0.00,0.00,0.18,Done,Done,Done,Done,-,Done,Done
5341,DASSIM7486817,26141_1#140,151,2561834,386836934,QC,Escherichia_coli_K_12_substr_MG1655_TMP32XR1_GCF_001308125_1,4641684,bwa,2168727,81.3,80.7,453,67.74,31.47,0.1,NA,91.54,0.0331,0.009,pass,pending,119,0.00,0.00,1.15,Done,Done,Done,Done,-,Done,Done
5341,DASSIM7486818,26141_1#141,151,2823256,426311656,QC,Escherichia_coli_K_12_substr_MG1655_TMP32XR1_GCF_001308125_1,4641684,bwa,2168730,82.7,82.2,442.7,75.88,30.52,0.1,NA,93.99,0.0268,0.007,pass,pending,234,0.01,0.01,4.13,Done,Done,Done,Done,-,Done,Done
5341,DASSIM7486819,26141_1#142,151,2451232,370136032,QC,Escherichia_coli_K_12_substr_MG1655_TMP32XR1_GCF_001308125_1,4641684,bwa,2168733,67.8,67.1,462.8,54.03,31.44,0.1,NA,85.12,0.0302,0.026,pass,pending,91,0.00,0.00,0.26,Done,Done,Done,Done,-,Done,Done
5341,DASSIM7486820,26141_1#143,151,2838706,428644606,QC,Escherichia_coli_K_12_substr_MG1655_TMP32XR1_GCF_001308125_1,4641684,bwa,2168736,68.2,67.5,440.8,62.92,37.04,0.1,NA,84.88,0.0273,0.025,pass,pending,87,0.00,0.00,0.28,Done,Done,Done,Done,-,Done,Done
5341,DASSIM7486821,26141_1#144,151,2380516,359457916,QC,Escherichia_coli_K_12_substr_MG1655_TMP32XR1_GCF_001308125_1,4641684,bwa,2168739,74.8,74.4,465.2,57.93,23.19,0.1,NA,93.34,0.0331,0.006,pass,pending,65,0.00,0.00,1.59,Done,Done,Done,Done,-,Done,Done
5341,DASSIM7486822,26141_1#145,151,2526138,381446838,QC,Escherichia_coli_K_12_substr_MG1655_TMP32XR1_GCF_001308125_1,4641684,bwa,2168742,81.3,80.5,454.7,66.72,32.97,0.1,NA,89.77,0.0344,0.012,pass,pending,268,0.01,0.01,1.41,Done,Done,Done,Done,-,Done,Done
5341,DASSIM7486823,26141_1#146,151,3118554,470901654,QC,Escherichia_coli_K_12_substr_MG1655_TMP32XR1_GCF_001308125_1,4641684,bwa,2168745,82.0,81.5,446.3,83.16,32.84,0.1,NA,93.71,0.0281,0.006,pass,pending,217,0.00,0.01,3.90,Done,Done,Done,Done,-,Done,Done
5341,DASSIM7486824,26141_1#147,151,2945906,444831806,QC,Escherichia_coli_K_12_substr_MG1655_TMP32XR1_GCF_001308125_1,4641684,bwa,2168748,78.3,77.8,430,75.00,31.12,0.1,NA,93.69,0.0307,0.006,pass,pending,219,0.00,0.01,4.18,Done,Done,Done,Done,-,Done,Done
5341,DASSIM7486825,26141_1#148,151,3126688,472129888,QC,Escherichia_coli_K_12_substr_MG1655_TMP32XR1_GCF_001308125_1,4641684,bwa,2168751,75.5,74.8,433,76.76,33.20,0.1,NA,92.17,0.0301,0.015,pass,pending,237,0.01,0.01,0.91,Done,Done,Done,Done,-,Done,Done
5341,DASSIM7486826,26141_1#149,151,2932708,442838908,QC,Escherichia_coli_K_12_substr_MG1655_TMP32XR1_GCF_001308125_1,4641684,bwa,2168754,83.5,82.7,452.3,79.60,47.28,0.1,NA,90.41,0.0274,0.011,pass,pending,123,0.00,0.00,0.72,Done,Done,Done,Done,-,Done,Done
5341,DASSIM7486828,26141_1#150,151,2711454,409429554,QC,Escherichia_coli_K_12_substr_MG1655_TMP32XR1_GCF_001308125_1,4641684,bwa,2168757,67.7,67.0,464.5,59.68,34.96,0.1,NA,85.96,0.0254,0.026,pass,pending,66,0.00,0.00,0.22,Done,Done,Done,Done,-,Done,Done
5341,DASSIM7486829,26141_1#151,151,2782566,420167466,QC,Escherichia_coli_K_12_substr_MG1655_TMP32XR1_GCF_001308125_1,4641684,bwa,2168760,64.5,63.8,446.8,58.32,33.16,0.1,NA,86.38,0.0263,0.025,pass,pending,108,0.00,0.00,0.37,Done,Done,Done,Done,-,Done,Done
5341,DASSIM7486830,26141_1#152,151,2800876,422932276,QC,Escherichia_coli_K_12_substr_MG1655_TMP32XR1_GCF_001308125_1,4641684,bwa,2168763,80.9,80.3,443.8,73.68,30.76,0.2,NA,93.10,0.0279,0.014,pass,pending,104,0.00,0.00,0.43,Done,Done,Done,Done,-,Done,Done
5341,DASSIM7486831,26141_1#153,151,2511980,379308980,QC,Escherichia_coli_K_12_substr_MG1655_TMP32XR1_GCF_001308125_1,4641684,bwa,2168766,69.8,69.1,462,57.00,32.07,0.1,NA,86.61,0.0325,0.026,pass,pending,61,0.00,0.00,0.17,Done,Done,Done,Done,-,Done,Done
5341,DASSIM7486832,26141_1#154,151,2692684,406595284,QC,Escherichia_coli_K_12_substr_MG1655_TMP32XR1_GCF_001308125_1,4641684,bwa,2168769,75.2,74.5,472.1,65.80,27.64,0.1,NA,92.57,0.0241,0.016,pass,pending,81,0.00,0.00,0.34,Done,Done,Done,Done,-,Done,Done
5341,DASSIM7486833,26141_1#155,151,2758682,416560982,QC,Escherichia_coli_K_12_substr_MG1655_TMP32XR1_GCF_001308125_1,4641684,bwa,2168772,75.8,75.2,440.7,68.04,31.36,0.1,NA,92.59,0.0281,0.015,pass,pending,184,0.00,0.00,0.77,Done,Done,Done,Done,-,Done,Done
5341,DASSIM7486834,26141_1#156,151,2724124,411342724,QC,Escherichia_coli_K_12_substr_MG1655_TMP32XR1_GCF_001308125_1,4641684,bwa,2168775,64.7,64.1,448.6,57.32,33.00,0.1,NA,86.32,0.0263,0.026,pass,pending,99,0.00,0.00,0.35,Done,Done,Done,Done,-,Done,Done
5341,DASSIM7486835,26141_1#157,151,2913560,439947560,QC,Escherichia_coli_K_12_substr_MG1655_TMP32XR1_GCF_001308125_1,4641684,bwa,2168778,83.4,82.8,442,79.00,32.76,0.1,NA,93.22,0.0272,0.014,pass,pending,118,0.00,0.00,0.47,Done,Done,Done,Done,-,Done,Done
5341,DASSIM7486836,26141_1#158,151,2469106,372835006,QC,Escherichia_coli_K_12_substr_MG1655_TMP32XR1_GCF_001308125_1,4641684,bwa,2168781,71.0,70.3,461.6,57.00,28.02,0.1,NA,90.33,0.0325,0.024,pass,pending,213,0.00,0.01,0.59,Done,Done,Done,Done,-,Done,Done
5341,DASSIM7486837,26141_1#159,151,2612406,394473306,QC,Escherichia_coli_K_12_substr_MG1655_TMP32XR1_GCF_001308125_1,4641684,bwa,2168784,76.5,75.8,448.7,64.98,35.37,0.1,NA,92.06,0.0356,0.009,pass,pending,113,0.00,0.00,1.12,Done,Done,Done,Done,-,Done,Done
5341,DASSIM7486838,26141_1#160,151,2488224,375721824,QC,Escherichia_coli_K_12_substr_MG1655_TMP32XR1_GCF_001308125_1,4641684,bwa,2168787,67.8,67.1,464.6,54.87,31.68,0.1,NA,85.09,0.0323,0.026,pass,pending,92,0.00,0.00,0.26,Done,Done,Done,Done,-,Done,Done
5341,DASSIM7486840,26141_1#161,151,2561936,386852336,QC,Escherichia_coli_K_12_substr_MG1655_TMP32XR1_GCF_001308125_1,4641684,bwa,2168790,82.3,81.7,456.6,68.58,31.23,0.1,NA,92.01,0.0348,0.008,pass,pending,125,0.00,0.00,1.21,Done,Done,Done,Done,-,Done,Done
5341,DASSIM7486841,26141_1#162,151,2747482,414869782,QC,Escherichia_coli_K_12_substr_MG1655_TMP32XR1_GCF_001308125_1,4641684,bwa,2168793,80.5,80.0,459.4,71.96,28.36,0.1,NA,94.36,0.0260,0.010,pass,pending,109,0.00,0.00,1.05,Done,Done,Done,Done,-,Done,Done
5341,DASSIM7486842,26141_1#163,151,2571936,388362336,QC,Escherichia_coli_K_12_substr_MG1655_TMP32XR1_GCF_001308125_1,4641684,bwa,2168796,69.9,69.3,445.5,58.47,25.29,0.1,NA,95.84,0.0341,0.018,pass,pending,30181,0.65,0.69,78.87,Done,Done,Done,Done,-,Done,Done
5341,DASSIM7486843,26141_1#164,151,2798284,422540884,QC,Escherichia_coli_K_12_substr_MG1655_TMP32XR1_GCF_001308125_1,4641684,bwa,2168799,82.1,81.5,437.6,74.64,37.96,0.1,NA,89.28,0.0276,0.011,pass,pending,211,0.00,0.01,1.22,Done,Done,Done,Done,-,Done,Done
5341,DASSIM7486844,26141_1#165,151,2598602,392388902,QC,Escherichia_coli_K_12_substr_MG1655_TMP32XR1_GCF_001308125_1,4641684,bwa,2168802,82.4,81.8,444.6,69.63,34.80,0.1,NA,89.30,0.0336,0.011,pass,pending,233,0.01,0.01,1.21,Done,Done,Done,Done,-,Done,Done
5341,DASSIM7486846,26141_1#166,151,2627536,396757936,QC,Escherichia_coli_K_12_substr_MG1655_TMP32XR1_GCF_001308125_1,4641684,bwa,2168805,67.3,66.6,450.6,57.48,33.09,0.1,NA,86.31,0.0322,0.026,pass,pending,69,0.00,0.00,0.19,Done,Done,Done,Done,-,Done,Done
5341,DASSIM7486847,26141_1#167,151,2730274,412271374,QC,Escherichia_coli_K_12_substr_MG1655_TMP32XR1_GCF_001308125_1,4641684,bwa,2168808,2.0,1.8,440.9,1.24,10.40,0.2,NA,3.83,0.0148,0.032,pass,pending,14,0.00,0.00,4.96,Done,Done,Done,Done,-,Done,Done
5341,DASSIM7486848,26141_1#168,151,2508628,378802828,QC,Escherichia_coli_K_12_substr_MG1655_TMP32XR1_GCF_001308125_1,4641684,bwa,2168811,68.8,68.1,456.6,56.07,32.25,0.1,NA,85.09,0.0319,0.025,pass,pending,97,0.00,0.00,0.27,Done,Done,Done,Done,-,Done,Done
5341,DASSIM7486849,26141_1#169,151,2599752,392562552,QC,Escherichia_coli_K_12_substr_MG1655_TMP32XR1_GCF_001308125_1,4641684,bwa,2168814,82.4,81.7,454.8,69.63,32.07,0.1,NA,91.57,0.0337,0.008,pass,pending,130,0.00,0.00,1.25,Done,Done,Done,Done,-,Done,Done
5341,DASSIM7486850,26141_1#170,151,2836536,428316936,QC,Escherichia_coli_K_12_substr_MG1655_TMP32XR1_GCF_001308125_1,4641684,bwa,2168817,85.3,84.7,451.5,78.72,33.52,0.1,NA,93.17,0.0253,0.014,pass,pending,127,0.00,0.00,0.51,Done,Done,Done,Done,-,Done,Done
5341,DASSIM7486851,26141_1#171,151,2665890,402549390,QC,Escherichia_coli_K_12_substr_MG1655_TMP32XR1_GCF_001308125_1,4641684,bwa,2168820,83.7,83.2,450.2,72.60,31.08,0.1,NA,93.85,0.0254,0.014,pass,pending,313,0.01,0.01,1.32,Done,Done,Done,Done,-,Done,Done
5341,DASSIM7486852,26141_1#172,151,2625730,396485230,QC,Escherichia_coli_K_12_substr_MG1655_TMP32XR1_GCF_001308125_1,4641684,bwa,2168823,67.9,67.1,452.7,57.93,32.37,0.1,NA,86.34,0.0330,0.026,pass,pending,77,0.00,0.00,0.21,Done,Done,Done,Done,-,Done,Done
5341,DASSIM7486853,26141_1#173,151,2635818,398008518,QC,Escherichia_coli_K_12_substr_MG1655_TMP32XR1_GCF_001308125_1,4641684,bwa,2168826,69.7,69.0,449.3,59.70,33.48,0.1,NA,86.41,0.0333,0.026,pass,pending,74,0.00,0.00,0.20,Done,Done,Done,Done,-,Done,Done
5341,DASSIM7486854,26141_1#174,151,2468298,372712998,QC,Escherichia_coli_K_12_substr_MG1655_TMP32XR1_GCF_001308125_1,4641684,bwa,2168829,69.6,68.9,458.6,55.86,30.93,0.1,NA,86.92,0.0312,0.026,pass,pending,83,0.00,0.00,0.23,Done,Done,Done,Done,-,Done,Done
5341,DASSIM7486855,26141_1#175,151,2342180,353669180,QC,Escherichia_coli_K_12_substr_MG1655_TMP32XR1_GCF_001308125_1,4641684,bwa,2168832,86.6,86.0,457.5,65.94,24.72,0.1,NA,94.16,0.0311,0.010,pass,pending,168,0.00,0.00,1.09,Done,Done,Done,Done,-,Done,Done
5341,DASSIM7486856,26141_1#176,151,2623338,396124038,QC,Escherichia_coli_K_12_substr_MG1655_TMP32XR1_GCF_001308125_1,4641684,bwa,2168835,83.6,83.1,451.5,71.31,29.19,0.1,NA,92.87,0.0333,0.009,pass,pending,138,0.00,0.00,1.11,Done,Done,Done,Done,-,Done,Done
5341,DASSIM7486857,26141_1#177,151,2533106,382499006,QC,Escherichia_coli_K_12_substr_MG1655_TMP32XR1_GCF_001308125_1,4641684,bwa,2168838,75.5,74.8,461.2,62.22,30.09,0.1,NA,89.45,0.0329,0.024,pass,pending,88,0.00,0.00,0.23,Done,Done,Done,Done,-,Done,Done
5341,DASSIM7486858,26141_1#178,151,2838674,428639774,QC,Escherichia_coli_K_12_substr_MG1655_TMP32XR1_GCF_001308125_1,4641684,bwa,2168841,83.1,82.5,452.5,76.68,35.96,0.1,NA,92.10,0.0256,0.009,pass,pending,144,0.00,0.00,1.53,Done,Done,Done,Done,-,Done,Done
5341,DASSIM7486859,26141_1#179,151,2408296,363652696,QC,Escherichia_coli_K_12_substr_MG1655_TMP32XR1_GCF_001308125_1,4641684,bwa,2168844,88.7,88.1,466.6,69.45,26.76,0.1,NA,94.17,0.0320,0.007,pass,pending,113,0.00,0.00,1.98,Done,Done,Done,Done,-,Done,Done
5341,DASSIM7486860,26141_1#180,151,2830300,427375300,QC,Escherichia_coli_K_12_substr_MG1655_TMP32XR1_GCF_001308125_1,4641684,bwa,2168847,75.9,75.3,435.2,69.88,34.44,0.1,NA,89.27,0.0276,0.024,pass,pending,90,0.00,0.00,0.27,Done,Done,Done,Done,-,Done,Done
5341,DASSIM7486861,26141_1#181,151,2815468,425135668,QC,Escherichia_coli_K_12_substr_MG1655_TMP32XR1_GCF_001308125_1,4641684,bwa,2168850,83.5,83.0,446.6,76.48,32.08,0.1,NA,92.76,0.0267,0.014,pass,pending,113,0.00,0.00,0.46,Done,Done,Done,Done,-,Done,Done
5341,DASSIM7486862,26141_1#182,151,2571958,388365658,QC,Escherichia_coli_K_12_substr_MG1655_TMP32XR1_GCF_001308125_1,4641684,bwa,2168853,89.1,88.6,456.1,74.55,29.16,0.1,NA,93.68,0.0326,0.007,pass,pending,106,0.00,0.00,1.77,Done,Done,Done,Done,-,Done,Done
5341,DASSIM7486863,26141_1#183,151,2564524,387243124,QC,Escherichia_coli_K_12_substr_MG1655_TMP32XR1_GCF_001308125_1,4641684,bwa,2168856,83.1,82.5,453.7,69.27,26.94,0.1,NA,93.84,0.0325,0.007,pass,pending,227,0.00,0.01,3.89,Done,Done,Done,Done,-,Done,Done
5341,DASSIM7486864,26141_1#184,151,2609024,393962624,QC,Escherichia_coli_K_12_substr_MG1655_TMP32XR1_GCF_001308125_1,4641684,bwa,2168859,83.0,82.5,456,70.47,28.92,0.1,NA,91.84,0.0329,0.016,pass,pending,129,0.00,0.00,0.44,Done,Done,Done,Done,-,Done,Done
5341,DASSIM7486865,26141_1#185,151,2457242,371043542,QC,Escherichia_coli_K_12_substr_MG1655_TMP32XR1_GCF_001308125_1,4641684,bwa,2168862,77.1,76.5,453.3,61.65,23.73,0.1,NA,96.72,0.0327,0.015,pass,pending,32536,0.70,0.73,89.52,Done,Done,Done,Done,-,Done,Done
5341,DASSIM7486866,26141_1#186,151,2741104,413906704,QC,Escherichia_coli_K_12_substr_MG1655_TMP32XR1_GCF_001308125_1,4641684,bwa,2168865,72.6,71.9,449.2,64.68,33.68,0.1,NA,89.40,0.0254,0.024,pass,pending,157,0.00,0.00,0.49,Done,Done,Done,Done,-,Done,Done
5341,DASSIM7486867,26141_1#187,151,2366282,357308582,QC,Escherichia_coli_K_12_substr_MG1655_TMP32XR1_GCF_001308125_1,4641684,bwa,2168868,84.3,83.8,458.2,64.92,25.11,0.2,NA,94.04,0.0330,0.007,pass,pending,114,0.00,0.00,2.03,Done,Done,Done,Done,-,Done,Done
5341,DASSIM7486868,26141_1#188,151,2801798,423071498,QC,Escherichia_coli_K_12_substr_MG1655_TMP32XR1_GCF_001308125_1,4641684,bwa,2168871,70.2,69.6,439.1,63.92,28.96,0.1,NA,95.64,0.0273,0.019,pass,pending,22432,0.48,0.51,71.98,Done,Done,Done,Done,-,Done,Done
5341,DASSIM7486869,26141_1#189,151,2839846,428816746,QC,Escherichia_coli_K_12_substr_MG1655_TMP32XR1_GCF_001308125_1,4641684,bwa,2168874,70.3,69.6,439.8,64.92,32.96,0.1,NA,89.90,0.0276,0.024,pass,pending,147,0.00,0.00,0.47,Done,Done,Done,Done,-,Done,Done
5341,DASSIM7486870,26141_1#190,151,2707466,408827366,QC,Escherichia_coli_K_12_substr_MG1655_TMP32XR1_GCF_001308125_1,4641684,bwa,2168877,69.8,69.1,444.4,61.48,31.00,0.1,NA,89.92,0.0267,0.024,pass,pending,149,0.00,0.00,0.50,Done,Done,Done,Done,-,Done,Done
5341,DASSIM7486871,26141_1#191,151,2567560,387701560,QC,Escherichia_coli_K_12_substr_MG1655_TMP32XR1_GCF_001308125_1,4641684,bwa,2168880,69.5,68.8,449.6,58.02,27.54,0.1,NA,90.60,0.0337,0.023,pass,pending,215,0.00,0.01,0.59,Done,Done,Done,Done,-,Done,Done
5341,DASSIM7486872,26141_1#192,151,2576724,389085324,QC,Escherichia_coli_K_12_substr_MG1655_TMP32XR1_GCF_001308125_1,4641684,bwa,2168883,78.6,77.7,453.1,65.85,30.90,0.1,NA,90.28,0.0339,0.015,pass,pending,180,0.00,0.00,0.65,Done,Done,Done,Done,-,Done,Done
5341,DASSIM7486873,26141_1#193,151,2511008,379162208,QC,Escherichia_coli_K_12_substr_MG1655_TMP32XR1_GCF_001308125_1,4641684,bwa,2168886,72.9,72.0,451.6,59.52,29.52,0.1,NA,90.27,0.0337,0.015,pass,pending,162,0.00,0.00,0.61,Done,Done,Done,Done,-,Done,Done
5341,DASSIM7486874,26141_1#194,151,2737888,413421088,QC,Escherichia_coli_K_12_substr_MG1655_TMP32XR1_GCF_001308125_1,4641684,bwa,2168889,69.2,68.5,451.3,61.60,35.92,0.1,NA,84.80,0.0270,0.025,pass,pending,77,0.00,0.00,0.25,Done,Done,Done,Done,-,Done,Done
5341,DASSIM7486875,26141_1#195,151,2605552,393438352,QC,Escherichia_coli_K_12_substr_MG1655_TMP32XR1_GCF_001308125_1,4641684,bwa,2168892,81.2,80.5,445.3,68.85,30.81,0.1,NA,93.46,0.0349,0.009,pass,pending,129,0.00,0.00,1.24,Done,Done,Done,Done,-,Done,Done
5341,DASSIM7486876,26141_1#196,151,2499768,377464968,QC,Escherichia_coli_K_12_substr_MG1655_TMP32XR1_GCF_001308125_1,4641684,bwa,2168895,83.2,82.6,454.1,67.62,27.09,0.1,NA,94.39,0.0348,0.011,pass,pending,172,0.00,0.00,0.97,Done,Done,Done,Done,-,Done,Done
5341,DASSIM7486877,26141_1#197,151,2469704,372925304,QC,Escherichia_coli_K_12_substr_MG1655_TMP32XR1_GCF_001308125_1,4641684,bwa,2168898,68.9,68.2,448.8,55.35,31.98,0.1,NA,84.99,0.0323,0.025,pass,pending,92,0.00,0.00,0.26,Done,Done,Done,Done,-,Done,Done
5341,DASSIM7486878,26141_1#198,151,2518560,380302560,QC,Escherichia_coli_K_12_substr_MG1655_TMP32XR1_GCF_001308125_1,4641684,bwa,2168901,67.7,67.0,455.2,55.47,32.31,0.1,NA,84.90,0.0322,0.025,pass,pending,196,0.00,0.01,0.55,Done,Done,Done,Done,-,Done,Done
5341,DASSIM7486879,26141_1#199,151,2515270,379805770,QC,Escherichia_coli_K_12_substr_MG1655_TMP32XR1_GCF_001308125_1,4641684,bwa,2168904,67.2,66.5,463.7,54.93,32.28,0.1,NA,84.97,0.0315,0.026,pass,pending,180,0.00,0.00,0.51,Done,Done,Done,Done,-,Done,Done
5341,DASSIM7486881,26141_1#200,151,2531316,382228716,QC,Escherichia_coli_K_12_substr_MG1655_TMP32XR1_GCF_001308125_1,4641684,bwa,2168907,66.6,66.0,447.2,54.81,32.04,0.1,NA,84.94,0.0333,0.025,pass,pending,202,0.00,0.01,0.57,Done,Done,Done,Done,-,Done,Done
5341,DASSIM7486882,26141_1#201,151,2824576,426510976,QC,Escherichia_coli_K_12_substr_MG1655_TMP32XR1_GCF_001308125_1,4641684,bwa,2168910,83.8,83.2,443.6,76.96,32.32,0.1,NA,92.77,0.0270,0.014,pass,pending,128,0.00,0.00,0.51,Done,Done,Done,Done,-,Done,Done
5341,DASSIM7486883,26141_1#202,151,3217438,485833138,QC,Escherichia_coli_K_12_substr_MG1655_TMP32XR1_GCF_001308125_1,4641684,bwa,2168913,64.0,63.4,422.2,66.92,37.64,0.1,NA,85.60,0.0297,0.026,pass,pending,160,0.00,0.00,0.48,Done,Done,Done,Done,-,Done,Done
5341,DASSIM7486884,26141_1#203,151,2749594,415188694,QC,Escherichia_coli_K_12_substr_MG1655_TMP32XR1_GCF_001308125_1,4641684,bwa,2168916,77.7,77.2,438.5,69.52,28.56,0.1,NA,93.85,0.0291,0.006,pass,pending,217,0.00,0.01,4.38,Done,Done,Done,Done,-,Done,Done
5341,DASSIM7486885,26141_1#204,151,3129412,472541212,QC,Escherichia_coli_K_12_substr_MG1655_TMP32XR1_GCF_001308125_1,4641684,bwa,2168919,77.8,77.2,438.1,79.20,40.32,0.1,NA,89.13,0.0291,0.011,pass,pending,231,0.00,0.01,1.29,Done,Done,Done,Done,-,Done,Done
5341,DASSIM7486886,26141_1#205,151,3025174,456801274,QC,Escherichia_coli_K_12_substr_MG1655_TMP32XR1_GCF_001308125_1,4641684,bwa,2168922,78.4,77.8,440.2,77.12,39.68,0.1,NA,89.09,0.0284,0.011,pass,pending,210,0.00,0.01,1.19,Done,Done,Done,Done,-,Done,Done
5341,DASSIM7486888,26141_1#206,151,2601290,392794790,QC,Escherichia_coli_K_12_substr_MG1655_TMP32XR1_GCF_001308125_1,4641684,bwa,2168925,70.1,69.3,450.7,59.25,29.58,0.1,NA,89.93,0.0344,0.024,pass,pending,166,0.00,0.00,0.46,Done,Done,Done,Done,-,Done,Done
5341,DASSIM7486889,26141_1#207,151,2775198,419054898,QC,Escherichia_coli_K_12_substr_MG1655_TMP32XR1_GCF_001308125_1,4641684,bwa,2168928,90.8,90.2,450.6,81.92,32.88,0.1,NA,93.78,0.0276,0.007,pass,pending,81,0.00,0.00,1.48,Done,Done,Done,Done,-,Done,Done
5341,DASSIM7486890,26141_1#208,151,2566884,387599484,QC,Escherichia_coli_K_12_substr_MG1655_TMP32XR1_GCF_001308125_1,4641684,bwa,2168931,79.4,78.8,449.5,66.24,33.48,0.1,NA,93.90,0.0351,0.006,pass,pending,102,0.00,0.00,2.03,Done,Done,Done,Done,-,Done,Done
5341,DASSIM7486892,26141_1#209,151,2301124,347469724,QC,Escherichia_coli_K_12_substr_MG1655_TMP32XR1_GCF_001308125_1,4641684,bwa,2168934,83.3,82.6,461.8,62.34,26.31,0.1,NA,93.20,0.0317,0.015,pass,pending,119,0.00,0.00,0.47,Done,Done,Done,Done,-,Done,Done
5341,DASSIM7486894,26141_1#210,151,2808558,424092258,QC,Escherichia_coli_K_12_substr_MG1655_TMP32XR1_GCF_001308125_1,4641684,bwa,2168937,66.9,66.2,454.7,61.04,31.24,0.1,NA,90.38,0.0251,0.024,pass,pending,194,0.00,0.00,0.66,Done,Done,Done,Done,-,Done,Done
5341,DASSIM7486895,26141_1#211,151,2531036,382186436,QC,Escherichia_coli_K_12_substr_MG1655_TMP32XR1_GCF_001308125_1,4641684,bwa,2168940,62.0,61.4,449.5,51.06,29.46,0.1,NA,86.51,0.0337,0.026,pass,pending,128,0.00,0.00,0.39,Done,Done,Done,Done,-,Done,Done
5341,DASSIM7486896,26141_1#212,151,2686196,405615596,QC,Escherichia_coli_K_12_substr_MG1655_TMP32XR1_GCF_001308125_1,4641684,bwa,2168943,82.5,81.8,460.4,72.08,37.44,0.1,NA,89.04,0.0253,0.012,pass,pending,217,0.00,0.01,1.28,Done,Done,Done,Done,-,Done,Done
5341,DASSIM7486897,26141_1#213,151,2875402,434185702,QC,Escherichia_coli_K_12_substr_MG1655_TMP32XR1_GCF_001308125_1,4641684,bwa,2168946,83.0,82.5,451.7,77.64,31.20,0.1,NA,93.60,0.0279,0.006,pass,pending,172,0.00,0.00,3.25,Done,Done,Done,Done,-,Done,Done
5341,DASSIM7486898,26141_1#214,151,2691928,406481128,QC,Escherichia_coli_K_12_substr_MG1655_TMP32XR1_GCF_001308125_1,4641684,bwa,2168949,75.8,75.1,450.1,66.40,32.16,0.1,NA,90.75,0.0281,0.015,pass,pending,277,0.01,0.01,1.22,Done,Done,Done,Done,-,Done,Done
5341,DASSIM7486899,26141_1#215,151,2775668,419125868,QC,Escherichia_coli_K_12_substr_MG1655_TMP32XR1_GCF_001308125_1,4641684,bwa,2168952,76.5,75.8,441.5,69.00,35.32,0.1,NA,88.78,0.0288,0.024,pass,pending,76,0.00,0.00,0.23,Done,Done,Done,Done,-,Done,Done
5341,DASSIM7486900,26141_1#216,151,2160634,326255734,QC,Escherichia_coli_K_12_substr_MG1655_TMP32XR1_GCF_001308125_1,4641684,bwa,2168955,76.6,76.0,461,53.85,21.45,0.2,NA,95.58,0.0318,0.016,pass,pending,23712,0.51,0.54,77.28,Done,Done,Done,Done,-,Done,Done
5341,DASSIM7486901,26141_1#217,151,2305860,348184860,QC,Escherichia_coli_K_12_substr_MG1655_TMP32XR1_GCF_001308125_1,4641684,bwa,2168958,63.9,63.2,449.9,47.91,27.03,0.1,NA,86.43,0.0317,0.026,pass,pending,109,0.00,0.00,0.34,Done,Done,Done,Done,-,Done,Done
5341,DASSIM7486902,26141_1#218,151,2620774,395736874,QC,Escherichia_coli_K_12_substr_MG1655_TMP32XR1_GCF_001308125_1,4641684,bwa,2168961,89.6,89.0,455.3,76.35,29.34,0.1,NA,93.98,0.0333,0.007,pass,pending,112,0.00,0.00,1.87,Done,Done,Done,Done,-,Done,Done
5341,DASSIM7486903,26141_1#219,151,2560466,386630366,QC,Escherichia_coli_K_12_substr_MG1655_TMP32XR1_GCF_001308125_1,4641684,bwa,2168964,68.4,67.7,451.3,56.91,28.20,0.1,NA,90.07,0.0328,0.024,pass,pending,164,0.00,0.00,0.47,Done,Done,Done,Done,-,Done,Done
5341,DASSIM7486904,26141_1#220,151,2528318,381776018,QC,Escherichia_coli_K_12_substr_MG1655_TMP32XR1_GCF_001308125_1,4641684,bwa,2168967,82.5,81.9,445.4,67.80,41.82,0.1,NA,91.02,0.0372,0.007,pass,pending,121,0.00,0.00,2.14,Done,Done,Done,Done,-,Done,Done
5341,DASSIM7486905,26141_1#221,151,2693350,406695850,QC,Escherichia_coli_K_12_substr_MG1655_TMP32XR1_GCF_001308125_1,4641684,bwa,2168970,83.7,83.1,444.1,73.36,33.52,0.1,NA,91.44,0.0259,0.008,pass,pending,96,0.00,0.00,1.04,Done,Done,Done,Done,-,Done,Done
5341,DASSIM7486906,26141_1#222,151,2562636,386958036,QC,Escherichia_coli_K_12_substr_MG1655_TMP32XR1_GCF_001308125_1,4641684,bwa,2168973,71.8,71.1,442.3,59.88,29.31,0.1,NA,91.99,0.0340,0.022,pass,pending,187,0.00,0.00,0.53,Done,Done,Done,Done,-,Done,Done
5341,DASSIM7486907,26141_1#223,151,2157342,325758642,QC,Escherichia_coli_K_12_substr_MG1655_TMP32XR1_GCF_001308125_1,4641684,bwa,2168976,71.7,71.0,455.3,50.28,25.26,0.1,NA,91.89,0.0306,0.022,pass,pending,169,0.00,0.00,0.55,Done,Done,Done,Done,-,Done,Done
5341,DASSIM7486909,26141_1#224,151,2294778,346511478,QC,Escherichia_coli_K_12_substr_MG1655_TMP32XR1_GCF_001308125_1,4641684,bwa,2168979,64.3,63.6,452.8,48.00,28.71,0.1,NA,84.91,0.0325,0.026,pass,pending,86,0.00,0.00,0.27,Done,Done,Done,Done,-,Done,Done
5341,DASSIM7486910,26141_1#225,151,2394022,361497322,QC,Escherichia_coli_K_12_substr_MG1655_TMP32XR1_GCF_001308125_1,4641684,bwa,2168982,83.9,83.4,453.3,65.31,25.80,0.1,NA,93.70,0.0338,0.007,pass,pending,169,0.00,0.00,3.03,Done,Done,Done,Done,-,Done,Done
5341,DASSIM7486911,26141_1#226,151,2500514,377577614,QC,Escherichia_coli_K_12_substr_MG1655_TMP32XR1_GCF_001308125_1,4641684,bwa,2168985,78.1,77.4,450.6,63.48,30.93,0.1,NA,89.79,0.0329,0.015,pass,pending,254,0.01,0.01,0.97,Done,Done,Done,Done,-,Done,Done
5341,DASSIM7486912,26141_1#227,151,2467888,372651088,QC,Escherichia_coli_K_12_substr_MG1655_TMP32XR1_GCF_001308125_1,4641684,bwa,2168988,66.4,65.8,442.6,53.31,30.12,0.1,NA,86.31,0.0339,0.026,pass,pending,73,0.00,0.00,0.21,Done,Done,Done,Done,-,Done,Done
5341,DASSIM7486913,26141_1#228,151,2221440,335437440,QC,Escherichia_coli_K_12_substr_MG1655_TMP32XR1_GCF_001308125_1,4641684,bwa,2168991,67.3,66.5,476.3,48.57,27.57,0.1,NA,86.30,0.0292,0.026,pass,pending,65,0.00,0.00,0.20,Done,Done,Done,Done,-,Done,Done
5341,DASSIM7486914,26141_1#229,151,2779778,419746478,QC,Escherichia_coli_K_12_substr_MG1655_TMP32XR1_GCF_001308125_1,4641684,bwa,2168994,80.0,79.5,438.9,72.32,31.12,0.1,NA,93.74,0.0267,0.007,pass,pending,191,0.00,0.00,3.83,Done,Done,Done,Done,-,Done,Done
5341,DASSIM7486915,26141_1#230,151,2536002,382936302,QC,Escherichia_coli_K_12_substr_MG1655_TMP32XR1_GCF_001308125_1,4641684,bwa,2168997,79.5,78.9,450.7,65.55,27.06,0.1,NA,92.22,0.0372,0.016,pass,pending,198,0.00,0.00,0.70,Done,Done,Done,Done,-,Done,Done
5341,DASSIM7486916,26141_1#231,151,2711678,409463378,QC,Escherichia_coli_K_12_substr_MG1655_TMP32XR1_GCF_001308125_1,4641684,bwa,2169000,78.6,78.0,428,69.36,30.24,0.1,NA,94.57,0.0316,0.015,pass,pending,26035,0.56,0.60,86.47,Done,Done,Done,Done,-,Done,Done
5341,DASSIM7486917,26141_1#232,151,2428598,366718298,QC,Escherichia_coli_K_12_substr_MG1655_TMP32XR1_GCF_001308125_1,4641684,bwa,2169003,72.9,72.1,453.4,57.54,29.25,0.2,NA,88.73,0.0362,0.024,pass,pending,133,0.00,0.00,0.37,Done,Done,Done,Done,-,Done,Done
5341,DASSIM7486918,26141_1#233,151,2541248,383728448,QC,Escherichia_coli_K_12_substr_MG1655_TMP32XR1_GCF_001308125_1,4641684,bwa,2169006,75.9,75.2,457.4,62.73,26.85,0.1,NA,95.34,0.0365,0.016,pass,pending,32362,0.70,0.74,89.50,Done,Done,Done,Done,-,Done,Done
5341,DASSIM7486919,26141_1#234,151,291556,44024956,QC,Escherichia_coli_K_12_substr_MG1655_TMP32XR1_GCF_001308125_1,4641684,bwa,2169009,67.8,67.1,440.4,6.40,3.90,0.5,NA,89.80,0.1006,0.022,pass,pending,240,0.01,0.01,5.83,Done,Done,Done,Done,-,Done,Done
5341,DASSIM7486920,26141_1#235,151,2533538,382564238,QC,Escherichia_coli_K_12_substr_MG1655_TMP32XR1_GCF_001308125_1,4641684,bwa,2169012,84.2,83.6,453,69.42,27.66,0.1,NA,95.51,0.0343,0.013,pass,pending,17351,0.37,0.40,58.79,Done,Done,Done,Done,-,Done,Done
5341,DASSIM7486921,26141_1#236,151,2542828,383967028,QC,Escherichia_coli_K_12_substr_MG1655_TMP32XR1_GCF_001308125_1,4641684,bwa,2169015,88.2,87.6,446.4,72.93,27.45,0.1,NA,93.67,0.0347,0.006,pass,pending,104,0.00,0.00,1.89,Done,Done,Done,Done,-,Done,Done
5341,DASSIM7486922,26141_1#237,151,2991356,451694756,QC,Escherichia_coli_K_12_substr_MG1655_TMP32XR1_GCF_001308125_1,4641684,bwa,2169018,67.2,66.6,422.9,65.36,36.36,0.1,NA,86.42,0.0287,0.025,pass,pending,88,0.00,0.00,0.27,Done,Done,Done,Done,-,Done,Done
5341,DASSIM7486923,26141_1#238,151,2375758,358739458,QC,Escherichia_coli_K_12_substr_MG1655_TMP32XR1_GCF_001308125_1,4641684,bwa,2169021,74.2,73.7,452.5,57.33,22.59,0.1,NA,96.14,0.0339,0.015,pass,pending,27897,0.60,0.63,88.82,Done,Done,Done,Done,-,Done,Done
5341,DASSIM7486924,26141_1#239,151,2428974,366775074,QC,Escherichia_coli_K_12_substr_MG1655_TMP32XR1_GCF_001308125_1,4641684,bwa,2169024,67.3,66.5,457.9,53.16,25.68,0.1,NA,90.54,0.0349,0.023,pass,pending,210,0.00,0.01,0.61,Done,Done,Done,Done,-,Done,Done
5341,DASSIM7486925,26141_1#240,151,2472234,373307334,QC,Escherichia_coli_K_12_substr_MG1655_TMP32XR1_GCF_001308125_1,4641684,bwa,2169027,83.0,82.3,454.4,66.72,27.60,0.1,NA,93.14,0.0367,0.015,pass,pending,172,0.00,0.00,0.63,Done,Done,Done,Done,-,Done,Done
5341,DASSIM7486926,26141_1#241,151,2638234,398373334,QC,Escherichia_coli_K_12_substr_MG1655_TMP32XR1_GCF_001308125_1,4641684,bwa,2169030,75.8,75.2,433.3,65.04,31.62,0.1,NA,89.08,0.0385,0.024,pass,pending,98,0.00,0.00,0.25,Done,Done,Done,Done,-,Done,Done
5341,DASSIM7486928,26141_1#242,151,2906798,438926498,QC,Escherichia_coli_K_12_substr_MG1655_TMP32XR1_GCF_001308125_1,4641684,bwa,2169033,82.8,82.2,439.3,78.28,34.56,0.1,NA,91.63,0.0299,0.008,pass,pending,122,0.00,0.00,1.26,Done,Done,Done,Done,-,Done,Done
5341,DASSIM7486929,26141_1#243,151,2641080,398803080,QC,Escherichia_coli_K_12_substr_MG1655_TMP32XR1_GCF_001308125_1,4641684,bwa,2169036,72.3,71.6,460.6,62.07,30.36,0.1,NA,89.23,0.0356,0.024,pass,pending,162,0.00,0.00,0.43,Done,Done,Done,Done,-,Done,Done
5341,DASSIM7486930,26141_1#244,151,3080776,465197176,QC,Escherichia_coli_K_12_substr_MG1655_TMP32XR1_GCF_001308125_1,4641684,bwa,2169039,81.2,80.7,440.6,81.36,34.52,0.1,NA,92.54,0.0305,0.010,pass,pending,189,0.00,0.00,1.62,Done,Done,Done,Done,-,Done,Done
5341,DASSIM7486931,26141_1#245,151,3189290,481582790,QC,Escherichia_coli_K_12_substr_MG1655_TMP32XR1_GCF_001308125_1,4641684,bwa,2169042,80.4,79.9,424,83.40,33.48,0.1,NA,94.31,0.0321,0.012,pass,pending,11438,0.25,0.27,53.98,Done,Done,Done,Done,-,Done,Done
5341,DASSIM7486932,26141_1#246,151,2969680,448421680,QC,Escherichia_coli_K_12_substr_MG1655_TMP32XR1_GCF_001308125_1,4641684,bwa,2169045,72.7,72.1,432.8,70.16,35.60,0.1,NA,88.75,0.0304,0.023,pass,pending,161,0.00,0.00,0.48,Done,Done,Done,Done,-,Done,Done
5341,DASSIM7486933,26141_1#247,151,2547246,384634146,QC,Escherichia_coli_K_12_substr_MG1655_TMP32XR1_GCF_001308125_1,4641684,bwa,2169048,83.2,82.6,453.7,68.94,27.57,0.1,NA,93.38,0.0359,0.010,pass,pending,117,0.00,0.00,0.99,Done,Done,Done,Done,-,Done,Done
5341,DASSIM7486934,26141_1#248,151,2726070,411636570,QC,Escherichia_coli_K_12_substr_MG1655_TMP32XR1_GCF_001308125_1,4641684,bwa,2169051,81.9,81.2,452.2,72.56,38.00,0.1,NA,89.12,0.0278,0.012,pass,pending,243,0.01,0.01,1.43,Done,Done,Done,Done,-,Done,Done
5341,DASSIM7486935,26141_1#249,151,2322400,350682400,QC,Escherichia_coli_K_12_substr_MG1655_TMP32XR1_GCF_001308125_1,4641684,bwa,2169054,77.7,76.9,459.9,58.68,26.55,0.1,NA,93.56,0.0348,0.014,pass,pending,19899,0.43,0.46,65.98,Done,Done,Done,Done,-,Done,Done
5341,DASSIM7486936,26141_1#250,151,2660956,401804356,QC,Escherichia_coli_K_12_substr_MG1655_TMP32XR1_GCF_001308125_1,4641684,bwa,2169057,88.2,87.6,466.9,76.28,30.92,0.1,NA,93.23,0.0250,0.007,pass,pending,121,0.00,0.00,2.38,Done,Done,Done,Done,-,Done,Done
5341,DASSIM7486937,26141_1#251,151,2760894,416894994,QC,Escherichia_coli_K_12_substr_MG1655_TMP32XR1_GCF_001308125_1,4641684,bwa,2169060,89.1,88.6,442,80.04,32.40,0.1,NA,93.24,0.0290,0.006,pass,pending,112,0.00,0.00,2.15,Done,Done,Done,Done,-,Done,Done
5341,DASSIM7486938,26141_1#252,151,2629416,397041816,QC,Escherichia_coli_K_12_substr_MG1655_TMP32XR1_GCF_001308125_1,4641684,bwa,2169063,86.4,85.6,448.7,73.86,32.82,0.1,NA,90.57,0.0372,0.012,pass,pending,149,0.00,0.00,0.71,Done,Done,Done,Done,-,Done,Done
5341,DASSIM7486939,26141_1#253,151,2863282,432355582,QC,Escherichia_coli_K_12_substr_MG1655_TMP32XR1_GCF_001308125_1,4641684,bwa,2169066,74.1,73.5,434,69.00,31.60,0.1,NA,90.87,0.0298,0.018,pass,pending,147,0.00,0.00,0.50,Done,Done,Done,Done,-,Done,Done
5341,DASSIM7486940,26141_1#254,151,2227332,336327132,QC,Escherichia_coli_K_12_substr_MG1655_TMP32XR1_GCF_001308125_1,4641684,bwa,2169069,82.0,81.2,462.3,59.43,26.04,0.1,NA,92.37,0.0342,0.009,pass,pending,114,0.00,0.00,1.19,Done,Done,Done,Done,-,Done,Done
5341,DASSIM7486942,26141_1#255,151,2515490,379838990,QC,Escherichia_coli_K_12_substr_MG1655_TMP32XR1_GCF_001308125_1,4641684,bwa,2169072,64.5,63.8,445.4,52.71,29.16,0.2,NA,86.53,0.0357,0.026,pass,pending,123,0.00,0.00,0.36,Done,Done,Done,Done,-,Done,Done
5341,DASSIM7486943,26141_1#256,151,2694280,406836280,QC,Escherichia_coli_K_12_substr_MG1655_TMP32XR1_GCF_001308125_1,4641684,bwa,2169075,81.8,81.2,439.5,71.68,36.84,0.1,NA,89.09,0.0296,0.012,pass,pending,222,0.00,0.01,1.31,Done,Done,Done,Done,-,Done,Done
5341,DASSIM7486944,26141_1#257,151,2634550,397817050,QC,Escherichia_coli_K_12_substr_MG1655_TMP32XR1_GCF_001308125_1,4641684,bwa,2169078,68.4,67.7,439.6,58.59,32.91,0.1,NA,86.13,0.0377,0.026,pass,pending,80,0.00,0.00,0.22,Done,Done,Done,Done,-,Done,Done
5341,DASSIM7486945,26141_1#258,151,2888148,436110348,QC,Escherichia_coli_K_12_substr_MG1655_TMP32XR1_GCF_001308125_1,4641684,bwa,2169081,84.0,83.4,440.9,78.92,32.80,0.1,NA,93.21,0.0293,0.014,pass,pending,115,0.00,0.00,0.46,Done,Done,Done,Done,-,Done,Done
5341,DASSIM7486946,26141_1#259,151,2762334,417112434,QC,Escherichia_coli_K_12_substr_MG1655_TMP32XR1_GCF_001308125_1,4641684,bwa,2169084,66.0,65.4,425.6,59.24,26.40,0.1,NA,93.79,0.0301,0.009,pass,pending,150,0.00,0.00,1.60,Done,Done,Done,Done,-,Done,Done
5341,DASSIM7486947,26141_1#260,151,2478570,374264070,QC,Escherichia_coli_K_12_substr_MG1655_TMP32XR1_GCF_001308125_1,4641684,bwa,2169087,90.1,89.5,451.3,72.60,27.87,0.1,NA,94.53,0.0351,0.007,pass,pending,547,0.01,0.01,8.64,Done,Done,Done,Done,-,Done,Done
5341,DASSIM7486948,26141_1#261,151,2597294,392191394,QC,Escherichia_coli_K_12_substr_MG1655_TMP32XR1_GCF_001308125_1,4641684,bwa,2169090,77.1,76.4,429.3,65.13,31.80,0.1,NA,88.98,0.0376,0.023,pass,pending,97,0.00,0.00,0.25,Done,Done,Done,Done,-,Done,Done
5341,DASSIM7486949,26141_1#262,151,2506570,378492070,QC,Escherichia_coli_K_12_substr_MG1655_TMP32XR1_GCF_001308125_1,4641684,bwa,2169093,79.3,78.8,456.5,64.62,27.09,0.1,NA,93.47,0.0331,0.007,pass,pending,239,0.01,0.01,4.27,Done,Done,Done,Done,-,Done,Done
5341,DASSIM7486950,26141_1#263,151,2601500,392826500,QC,Escherichia_coli_K_12_substr_MG1655_TMP32XR1_GCF_001308125_1,4641684,bwa,2169096,70.2,69.6,449.4,59.40,29.43,0.1,NA,89.19,0.0354,0.024,pass,pending,232,0.00,0.01,0.64,Done,Done,Done,Done,-,Done,Done
5341,DASSIM7486951,26141_1#264,151,2627740,396788740,QC,Escherichia_coli_K_12_substr_MG1655_TMP32XR1_GCF_001308125_1,4641684,bwa,2169099,1.7,1.6,429.4,1.14,9.33,0.1,NA,4.11,0.0239,0.033,pass,pending,4,0.00,0.00,1.30,Done,Done,Done,Done,-,Done,Done
5341,DASSIM7486952,26141_1#265,151,2546372,384502172,QC,Escherichia_coli_K_12_substr_MG1655_TMP32XR1_GCF_001308125_1,4641684,bwa,2169102,63.9,63.4,439.9,52.92,26.49,0.1,NA,89.16,0.0362,0.024,pass,pending,203,0.00,0.01,0.60,Done,Done,Done,Done,-,Done,Done
5341,DASSIM7486953,26141_1#266,151,2635664,397985264,QC,Escherichia_coli_K_12_substr_MG1655_TMP32XR1_GCF_001308125_1,4641684,bwa,2169105,73.7,73.1,441.1,63.18,28.62,0.1,NA,90.90,0.0357,0.018,pass,pending,170,0.00,0.00,0.51,Done,Done,Done,Done,-,Done,Done
5341,DASSIM7486954,26141_1#267,151,2789080,421151080,QC,Escherichia_coli_K_12_substr_MG1655_TMP32XR1_GCF_001308125_1,4641684,bwa,2169108,69.8,69.2,428.4,63.32,32.80,0.1,NA,89.85,0.0292,0.023,pass,pending,162,0.00,0.00,0.53,Done,Done,Done,Done,-,Done,Done
5341,DASSIM7486955,26141_1#268,151,2870332,433420132,QC,Escherichia_coli_K_12_substr_MG1655_TMP32XR1_GCF_001308125_1,4641684,bwa,2169111,69.1,68.4,428,64.48,33.24,0.1,NA,89.88,0.0289,0.023,pass,pending,168,0.00,0.00,0.54,Done,Done,Done,Done,-,Done,Done
5341,DASSIM7486956,26141_1#269,151,2984476,450655876,QC,Escherichia_coli_K_12_substr_MG1655_TMP32XR1_GCF_001308125_1,4641684,bwa,2169114,1.9,1.7,417.4,1.52,11.76,0.1,NA,3.86,0.0201,0.033,pass,pending,13,0.00,0.00,3.40,Done,Done,Done,Done,-,Done,Done
5341,DASSIM7486957,26141_1#270,151,2335046,352591946,QC,Escherichia_coli_K_12_substr_MG1655_TMP32XR1_GCF_001308125_1,4641684,bwa,2169117,82.9,82.4,453.4,62.97,25.74,0.2,NA,92.66,0.0345,0.010,pass,pending,181,0.00,0.00,1.53,Done,Done,Done,Done,-,Done,Done
5341,DASSIM7486958,26141_1#271,151,2251186,339929086,QC,Escherichia_coli_K_12_substr_MG1655_TMP32XR1_GCF_001308125_1,4641684,bwa,2169120,68.1,67.4,452.8,49.83,29.34,0.1,NA,84.87,0.0321,0.026,pass,pending,89,0.00,0.00,0.27,Done,Done,Done,Done,-,Done,Done
5341,DASSIM7486959,26141_1#272,151,2358092,356071892,QC,Escherichia_coli_K_12_substr_MG1655_TMP32XR1_GCF_001308125_1,4641684,bwa,2169123,74.6,73.9,452.2,57.24,27.57,0.1,NA,90.86,0.0336,0.022,pass,pending,173,0.00,0.00,0.51,Done,Done,Done,Done,-,Done,Done
5341,DASSIM7486960,26141_1#273,151,2666684,402669284,QC,Escherichia_coli_K_12_substr_MG1655_TMP32XR1_GCF_001308125_1,4641684,bwa,2169126,72.3,71.6,438.9,62.72,30.68,0.1,NA,91.84,0.0284,0.022,pass,pending,145,0.00,0.00,0.49,Done,Done,Done,Done,-,Done,Done
5341,DASSIM7486963,26141_1#274,151,3213938,485304638,QC,Escherichia_coli_K_12_substr_MG1655_TMP32XR1_GCF_001308125_1,4641684,bwa,2169129,82.0,81.5,424.6,85.76,43.08,0.1,NA,89.18,0.0304,0.011,pass,pending,231,0.00,0.01,1.24,Done,Done,Done,Done,-,Done,Done
5341,DASSIM7486964,26141_1#275,151,2520376,380576776,QC,Escherichia_coli_K_12_substr_MG1655_TMP32XR1_GCF_001308125_1,4641684,bwa,2169132,75.7,75.1,448.2,62.07,30.30,0.2,NA,88.96,0.0346,0.024,pass,pending,94,0.00,0.00,0.25,Done,Done,Done,Done,-,Done,Done
5341,DASSIM7486965,26141_1#276,151,2683882,405266182,QC,Escherichia_coli_K_12_substr_MG1655_TMP32XR1_GCF_001308125_1,4641684,bwa,2169135,68.3,67.6,433.5,59.60,29.28,0.1,NA,90.28,0.0284,0.023,pass,pending,190,0.00,0.00,0.64,Done,Done,Done,Done,-,Done,Done
5341,DASSIM7486966,26141_1#277,151,2929026,442282926,QC,Escherichia_coli_K_12_substr_MG1655_TMP32XR1_GCF_001308125_1,4641684,bwa,2169138,66.0,65.4,427.8,62.84,34.84,0.1,NA,86.36,0.0293,0.025,pass,pending,111,0.00,0.00,0.35,Done,Done,Done,Done,-,Done,Done
5341,DASSIM7486967,26141_1#278,151,2390168,360915368,QC,Escherichia_coli_K_12_substr_MG1655_TMP32XR1_GCF_001308125_1,4641684,bwa,2169141,65.3,64.6,446.6,50.70,28.08,0.1,NA,86.58,0.0347,0.026,pass,pending,124,0.00,0.00,0.37,Done,Done,Done,Done,-,Done,Done
5341,DASSIM7486968,26141_1#279,151,2364802,357085102,QC,Escherichia_coli_K_12_substr_MG1655_TMP32XR1_GCF_001308125_1,4641684,bwa,2169144,62.8,62.1,457.6,48.30,27.24,0.1,NA,86.53,0.0327,0.026,pass,pending,106,0.00,0.00,0.33,Done,Done,Done,Done,-,Done,Done
5341,DASSIM7486969,26141_1#280,151,2510024,379013624,QC,Escherichia_coli_K_12_substr_MG1655_TMP32XR1_GCF_001308125_1,4641684,bwa,2169147,65.8,65.1,452.4,53.67,29.55,0.1,NA,86.60,0.0336,0.026,pass,pending,112,0.00,0.00,0.32,Done,Done,Done,Done,-,Done,Done
5341,DASSIM7486970,26141_1#281,151,2549908,385036108,QC,Escherichia_coli_K_12_substr_MG1655_TMP32XR1_GCF_001308125_1,4641684,bwa,2169150,2.2,2.0,433.9,1.50,12.18,0.1,NA,4.31,0.0277,0.032,pass,pending,30,0.00,0.01,6.21,Done,Done,Done,Done,-,Done,Done
5341,DASSIM7486971,26141_1#282,151,2353810,355425310,QC,Escherichia_coli_K_12_substr_MG1655_TMP32XR1_GCF_001308125_1,4641684,bwa,2169153,75.4,74.6,451,57.72,28.47,0.1,NA,88.92,0.0356,0.024,pass,pending,83,0.00,0.00,0.23,Done,Done,Done,Done,-,Done,Done
5341,DASSIM7486972,26141_1#283,151,2727540,411858540,QC,Escherichia_coli_K_12_substr_MG1655_TMP32XR1_GCF_001308125_1,4641684,bwa,2169156,77.0,76.5,433.6,68.32,30.16,0.1,NA,92.40,0.0298,0.015,pass,pending,119,0.00,0.00,0.50,Done,Done,Done,Done,-,Done,Done
5341,DASSIM7486973,26141_1#284,151,2641466,398861366,QC,Escherichia_coli_K_12_substr_MG1655_TMP32XR1_GCF_001308125_1,4641684,bwa,2169159,80.6,80.0,444.1,69.24,29.13,0.1,NA,92.90,0.0368,0.016,pass,pending,285,0.01,0.01,0.96,Done,Done,Done,Done,-,Done,Done
5341,DASSIM7486974,26141_1#285,151,2970622,448563922,QC,Escherichia_coli_K_12_substr_MG1655_TMP32XR1_GCF_001308125_1,4641684,bwa,2169162,83.7,83.2,429,80.92,33.92,0.2,NA,93.12,0.0303,0.014,pass,pending,98,0.00,0.00,0.39,Done,Done,Done,Done,-,Done,Done
5341,DASSIM7486975,26141_1#286,151,2666496,402640896,QC,Escherichia_coli_K_12_substr_MG1655_TMP32XR1_GCF_001308125_1,4641684,bwa,2169165,84.5,83.9,446.3,73.28,31.64,0.1,NA,93.19,0.0278,0.014,pass,pending,94,0.00,0.00,0.40,Done,Done,Done,Done,-,Done,Done
5341,DASSIM7486976,26141_1#287,151,2562108,386878308,QC,Escherichia_coli_K_12_substr_MG1655_TMP32XR1_GCF_001308125_1,4641684,bwa,2169168,83.8,83.3,441.5,69.78,26.34,0.1,NA,93.54,0.0368,0.011,pass,pending,121,0.00,0.00,0.67,Done,Done,Done,Done,-,Done,Done
5341,DASSIM7486977,26141_1#288,151,2327456,351445856,QC,Escherichia_coli_K_12_substr_MG1655_TMP32XR1_GCF_001308125_1,4641684,bwa,2169171,85.6,85.1,461.6,64.83,23.58,0.1,NA,94.39,0.0342,0.006,pass,pending,70,0.00,0.00,1.75,Done,Done,Done,Done,-,Done,Done
5341,DASSIM7486978,26141_1#289,151,2283070,344743570,QC,Escherichia_coli_K_12_substr_MG1655_TMP32XR1_GCF_001308125_1,4641684,bwa,2169174,89.2,88.6,458.5,66.24,24.90,0.1,NA,94.50,0.0348,0.008,pass,pending,174,0.00,0.00,1.70,Done,Done,Done,Done,-,Done,Done
5341,DASSIM7486979,26141_1#290,151,2964702,447670002,QC,Escherichia_coli_K_12_substr_MG1655_TMP32XR1_GCF_001308125_1,4641684,bwa,2169177,73.1,72.6,436.3,70.52,30.36,0.1,NA,92.43,0.0292,0.015,pass,pending,118,0.00,0.00,0.47,Done,Done,Done,Done,-,Done,Done
5341,DASSIM7486980,26141_1#291,151,2435846,367812746,QC,Escherichia_coli_K_12_substr_MG1655_TMP32XR1_GCF_001308125_1,4641684,bwa,2169180,78.4,77.7,450.8,62.07,42.45,0.1,NA,92.27,0.0352,0.009,pass,pending,149,0.00,0.00,1.46,Done,Done,Done,Done,-,Done,Done
5341,DASSIM7486981,26141_1#292,151,2606992,393655792,QC,Escherichia_coli_K_12_substr_MG1655_TMP32XR1_GCF_001308125_1,4641684,bwa,2169183,67.5,66.8,441.2,57.24,31.62,0.1,NA,86.30,0.0362,0.025,pass,pending,88,0.00,0.00,0.24,Done,Done,Done,Done,-,Done,Done
5341,DASSIM7486982,26141_1#293,151,2483470,375003970,QC,Escherichia_coli_K_12_substr_MG1655_TMP32XR1_GCF_001308125_1,4641684,bwa,2169186,87.6,87.1,438.5,70.80,28.20,0.1,NA,93.02,0.0365,0.015,pass,pending,96,0.00,0.00,0.34,Done,Done,Done,Done,-,Done,Done
5341,DASSIM7486983,26141_1#294,151,2537778,383204478,QC,Escherichia_coli_K_12_substr_MG1655_TMP32XR1_GCF_001308125_1,4641684,bwa,2169189,1.7,1.5,435.6,1.11,9.09,0.1,NA,3.74,0.0232,0.035,pass,pending,15,0.00,0.00,4.67,Done,Done,Done,Done,-,Done,Done
5341,DASSIM7486984,26141_1#295,151,2359156,356232556,QC,Escherichia_coli_K_12_substr_MG1655_TMP32XR1_GCF_001308125_1,4641684,bwa,2169192,88.6,88.1,454.9,68.01,26.19,0.1,NA,94.08,0.0348,0.007,pass,pending,95,0.00,0.00,1.66,Done,Done,Done,Done,-,Done,Done
5341,DASSIM7486986,26141_1#296,151,2423082,365885382,QC,Escherichia_coli_K_12_substr_MG1655_TMP32XR1_GCF_001308125_1,4641684,bwa,2169195,81.1,80.5,445.9,63.90,25.35,0.1,NA,94.42,0.0368,0.010,pass,pending,147,0.00,0.00,1.26,Done,Done,Done,Done,-,Done,Done
5341,DASSIM7486987,26141_1#297,151,2577440,389193440,QC,Escherichia_coli_K_12_substr_MG1655_TMP32XR1_GCF_001308125_1,4641684,bwa,2169198,88.2,87.7,440.6,73.92,27.57,0.1,NA,93.67,0.0374,0.006,pass,pending,92,0.00,0.00,1.66,Done,Done,Done,Done,-,Done,Done
5341,DASSIM7486989,26141_1#298,151,2746066,414655966,QC,Escherichia_coli_K_12_substr_MG1655_TMP32XR1_GCF_001308125_1,4641684,bwa,2169201,88.8,88.3,447.3,79.36,31.96,0.1,NA,93.23,0.0294,0.007,pass,pending,107,0.00,0.00,2.08,Done,Done,Done,Done,-,Done,Done
5341,DASSIM7486990,26141_1#299,151,2994072,452104872,QC,Escherichia_coli_K_12_substr_MG1655_TMP32XR1_GCF_001308125_1,4641684,bwa,2169204,83.3,82.9,427.9,81.12,34.48,0.1,NA,92.67,0.0312,0.009,pass,pending,169,0.00,0.00,1.46,Done,Done,Done,Done,-,Done,Done
