name	Acinetobacter baumannii	Alcaligenes faecalis	Enterobacter cloacae	Enterobacter xiangfangensis	Escherichia coli	Escherichia fergusonii	Klebsiella pneumoniae	Salmonella enterica	Shigella flexneri	Shigella sonnei	unclassified	other
28099_1#100	0.0	0.0	0.0034020487495680296	0.0	94.90847593587675	0.008236539077901544	0.3369818814045806	0.21916356155111935	3.0098283397823047	0.11763926465611554	1.0532026707873237	0.34306975811433915
28099_1#102	0.0	0.0	0.0025733753758535364	0.0	83.92709949232129	0.025572917797544514	0.2833929632658707	14.252719937145306	0.18994726993018915	0.14153564567194452	1.011577776651926	0.16558062184006417
28099_1#103	0.0	0.0	0.007160077970043089	0.0	93.97516842213255	0.013144620750974624	0.4184905273237125	0.15591871281034128	2.1591375418917993	0.15292644141987552	2.8432990219547225	0.274754633745971
28099_1#104	0.0	0.0	0.001272426517368622	0.0	98.2874956828386	0.011451838656317598	0.009815861705415084	0.2821151364223002	0.09934015596313597	0.046898005925872066	1.052387617472234	0.20922327449876832
28099_1#106	0.0	0.0	0.003811179568185246	0.0	69.34222284210202	0.011352449777573072	1.5698816263843907	26.39282395431774	0.16631338924144554	0.03649001714219917	2.35190323820521	0.12520130326122114
28099_1#107	0.0	0.0	0.0	0.0	98.41038595607529	0.020626010267410795	0.01574090257249771	0.0865206851743495	0.20712856626431472	0.041143462586045745	0.9942822528379762	0.22417216422211084
28099_1#108	0.0	0.0	0.0	0.0	97.84937665122602	0.007708641386994821	0.004029517088656384	1.2367113534271919	0.04660224111228687	0.023826709741620357	0.785230243102518	0.0465146429147012
28099_1#10	0.0	0.0013377568493150684	0.017998910336239102	0.0	97.2588146014944	0.009364297945205479	0.5132121731008717	0.09826432129514322	0.28421252334993774	0.1832726883561644	1.0695974081569117	0.5639253191158105
28099_1#110	0.0	0.0	0.009628552961650702	0.0	96.74360290208683	0.07221414721238026	0.1618416348873203	0.06955093043575349	0.9376571682016013	0.01065286710650716	1.7959299901768273	0.19892180693113914
28099_1#111	0.0	0.0	0.0024378730222755106	0.0	96.60581587853187	0.010416366549722637	0.11136647215394947	0.19791096444473008	0.4539984441937621	0.08177955865633305	2.285173521152981	0.25110092129438044
28099_1#112	0.0	0.0	0.002827954328537594	0.0	97.6566358453311	0.007776874403478383	0.08231367063421925	0.4034884836609889	0.2145205354933518	0.10786625795993394	1.3331784691677229	0.19139190902066616
28099_1#114	0.0	0.0	0.0012338996658599706	0.0	98.06721956339695	0.005100118618887878	0.006827578151091836	0.09476349433804573	0.09723129366976567	0.020153694542379516	1.6190408815637294	0.08842947605329243
28099_1#115	0.0	0.0	0.003165387787933914	0.0	98.13493489542118	0.010054761208731257	0.07196602235508576	0.03342277105494927	0.27194405083985185	0.06191126114635449	0.7993535160941349	0.6132473340917954
28099_1#116	0.0	0.0	0.004926917392018394	0.0	96.08353285908152	0.011928326317518218	0.05238091122040608	0.24496287524526542	0.14607877881598397	0.8799301587850394	2.402347632918723	0.1739115402235285
28099_1#118	0.0	0.0	0.004763609962186792	0.0	97.85177616946625	0.011251975255510182	0.015194273155250978	0.2045888347552983	0.4929514998800884	0.20894178868626206	0.9771149606920047	0.23341688814716122
28099_1#119	0.0	0.0	0.0031011563990700963	0.0	98.26135881597848	0.01185084766787501	0.014730492895582956	0.23015010704527358	0.09004429115871387	0.014730492895582956	1.2785624811023282	0.09547131485709315
28099_1#11	0.004583252621966406	0.0	0.0025942939369621165	0.0	97.27296468992999	0.01694938705481916	0.07073774801450038	0.6286838973904862	0.7398926308215956	0.09330810526607078	0.9768381437308022	0.19344785123278996
28099_1#120	0.0	0.0	0.004572724612232953	0.0	96.5908813774266	0.005487269534679543	0.00416626020225669	0.0162585763990505	0.020729684908789386	0.012193932299287873	3.288398692810458	0.05731148180665002
28099_1#122	0.0	0.0	0.02559912101557808	0.0	96.17727919539118	0.010158381355388128	0.020804365015834887	0.0356762353201231	0.3830928776743971	2.0914888204981508	0.957975995338522	0.297925008390834
28099_1#123	0.0	0.0	0.005484294688235828	0.0	97.08774961407649	0.01078877643587376	0.040817537515722396	0.044323889857381366	0.2977702296301158	0.39100323933012493	1.9583427360516854	0.1637196824143814
28099_1#124	0.0	0.0	0.03857035834994688	0.0	97.1242006746516	0.07236062955396018	0.3184527022739204	0.23455393133322402	0.14826511681956078	0.09692038764858447	1.6233340778181706	0.3433421215510464
28099_1#125	0.0	0.0	0.00409533035540766	0.0	97.53252623059092	0.010350016716393906	0.4443061132857729	0.044899712805651255	0.2200309309132661	0.05726016442379074	1.4891365777781418	0.1973949231306591
28099_1#127	0.0	0.0	0.0038090581173685963	0.0	95.61772292734089	0.0062007922840884135	0.022854348704211578	0.06590556370516827	1.1916151115079618	1.0248137990659834	1.6732395064878003	0.39383889278651907
28099_1#128	0.0	0.0	0.4478783181553962	0.0	75.29393528385971	0.013466382484014725	0.14570819608602986	20.719531098624298	0.9489440031001745	0.04592133307498547	1.744429374152296	0.6401860104631112
28099_1#129	0.0	0.0	0.003763839347755594	0.0	97.6950103071293	0.012811530087552692	0.017516329272247184	0.04277748181776069	0.3078386297308565	0.5256346412192523	1.2218001575022004	0.1728470838930889
28099_1#131	0.0	0.0	0.0033779161972770613	0.0	98.14172385197296	0.008191446778396875	0.07194961500200141	0.02516547566971411	0.29446984449762786	0.04129502551171208	0.7930502752157221	0.6207765491545842
28099_1#132	0.0	0.0	0.004653701173155759	0.0	87.36382635771733	0.0084612748602832	0.21798359358804592	10.495259570759528	0.2770009857385212	0.1505049265772874	1.169559717562645	0.31274987202320403
28099_1#133	0.0	0.0	0.0019838789992520775	0.0	98.20458950567686	0.22536865431503603	0.008629873646746538	0.08510840906791413	0.0972100709633518	0.019838789992520776	1.1250577804758533	0.2322130368624613
28099_1#135	0.0	0.0	0.3197523340200481	0.0	50.98606504970893	0.012188875221063574	1.0653675170214278	24.943149739958198	17.669158032880052	0.09818400714881272	3.589062914786302	1.3170715292551733
28099_1#136	0.0	0.0	0.0	0.0	98.5611733553877	0.006891984621884749	0.013883853078869274	0.06202786159696273	0.2302322399049905	0.044048771279002516	0.8853703143244407	0.19637161980614337
28099_1#137	0.0	0.0	0.0	0.0	97.32803110707644	0.011803339097457196	0.002974825300985147	0.08032028312659897	0.08060816944604915	1.1463633240505988	1.145115816666315	0.2047831352355587
28099_1#139	0.0	0.0	0.003925192654428598	0.0	98.14696774600932	0.01075161466213051	0.007509064208472102	0.03745999076726423	0.22791716478214752	0.12432621081527105	0.9525418608997053	0.4886011552012661
28099_1#140	0.0	0.0	0.003101388673514675	0.0	98.08783346612267	0.008555554961419794	0.011229165886863481	0.1446958232850123	0.7085068952425767	0.034115275408661425	0.8800457722190436	0.12191665820022024
28099_1#141	0.0	0.0	0.003596785231221232	0.0	98.2104100429816	0.013345966252689308	0.008140092891711208	0.2652155846811024	0.273071720844033	0.04391864071806977	0.9887373296141313	0.19356383678545797
28099_1#143	0.0	0.0	0.01490960937716223	0.0	96.91737130194817	0.026426613027784547	0.018927168790170014	0.41550492240307196	0.7985122531098142	0.039639919541676824	1.3089208567579367	0.4597873550442273
28099_1#144	0.0	0.0	0.0047840537919008365	0.0	97.66717576972435	0.008730898170219025	0.018418607098818218	0.12498340531340935	0.12378739186543414	0.02643189720025212	1.5885450616006727	0.43714291523495774
28099_1#145	0.0	0.0	0.00531374622593352	0.0	96.8573982156266	0.00888528057451179	0.13118855436485052	0.09399233078331588	1.3787864797389469	0.1186446288478927	0.9267696081591268	0.4790211556788222
28099_1#147	0.0	0.0	0.023775129902390797	0.0	96.9753935603831	0.07419480193677128	0.045008780401422574	0.1363380725092272	0.1852000636189683	0.39343740828128765	1.6922973498108649	0.4743548331559708
28099_1#148	0.0	0.0	0.0	0.0	81.75943685113853	0.008809815195551362	0.006580825808725113	0.5254046411804727	14.376769260325794	0.024306598551581467	1.1882636278818974	2.110428379917451
28099_1#149	0.0	0.0	0.0031154154857465644	0.0	98.83704819301803	0.009100292603101806	0.005410984791033507	0.017052800553560142	0.09665986467618945	0.012789600415170105	0.92872175322466	0.09010109523248389
28099_1#14	0.0	0.0	0.005373418383148179	0.0	97.29570507553561	0.008011278316693647	0.01270080708744115	0.1357032388035058	0.359628237606699	0.08822175999968736	1.959246041011883	0.13541014325535627
28099_1#151	0.0	0.0	0.002183081987827135	0.0	98.11198337364758	0.014495664399172175	0.19246050804684023	0.0861007535999022	0.042002497445794075	0.004453487255167355	1.4922675235991163	0.05405311001861435
28099_1#152	0.0	0.0	0.0028908446948514056	0.0	97.92806182819012	0.00837348118508683	0.08174112585441906	0.3447083087860745	0.15859772101753747	0.014852960673546878	1.2163478264336847	0.24442590316466806
28099_1#153	0.0021971728244876377	0.0	0.002636607389385165	0.0	93.05620148367757	0.007250670320809205	5.9601974818934655	0.015306970677263875	0.03061394135452775	0.007323909414958791	0.8299454149031302	0.08832634754438118
28099_1#155	0.0	0.0	0.004854671928206337	0.0	98.27199686526899	0.023319763369419728	0.008322294734068007	0.11261105062035771	0.2068437003696486	0.1412189387687165	0.8871046043095616	0.3437281106310479
28099_1#156	0.0	0.0	0.004848403083584361	0.0	98.1724682376898	0.015704609988131953	0.00885360563089318	0.11435907273237027	0.47145449984506194	0.04036822567419153	0.9101295788424122	0.2618137665135549
28099_1#157	0.0	0.0	0.005915809578540824	0.0	96.07393071741868	0.04462210653527936	0.5117175285437812	0.20130654880120344	0.5122245979362275	0.2705215208701311	1.3973142224513424	0.9824469478648155
28099_1#159	0.0	0.0	0.0034726220306797017	0.0	97.46516868718437	0.007219398432202538	0.022297888828574926	0.14603289486910956	0.3675496265103621	0.02083573218407821	1.5219222973405198	0.44550085262008565
28099_1#160	0.0	0.0	0.0	0.0	97.28703397481637	0.016801843523793217	0.03796365910122898	0.1342020666267534	0.2576637142920947	0.3585811162166502	1.7025159165565154	0.20523770886659065
28099_1#161	0.0	0.0	0.011707750616366069	0.0	93.97127755487475	0.020509928087064644	0.008887635504394678	0.24133348715779396	0.6686236556383074	2.2389150248041942	2.237974986433537	0.6007699768835835
28099_1#163	0.0	0.0	0.004208518040514001	0.0	98.10789980096185	0.010727595005231766	0.008334516119449294	0.1289786999475173	0.5180603187911156	0.04645873836881141	0.9143211742920612	0.26101063847345074
28099_1#164	0.0	0.0	0.0039082458267560415	0.0	95.35967300374429	0.014775075686516741	0.2763415768723357	0.06453371767594732	2.268212425552683	0.37929049133322656	1.2475883263556846	0.385677136952566
28099_1#165	0.0	0.0	0.0	0.0	98.98268606274198	0.00456706593606298	0.0034252994520472344	0.04605124818863505	0.049286253226679656	0.04662213143064292	0.8047550768170976	0.06260686220686296
28099_1#167	0.0	0.0	0.05376924850421528	0.0	91.39103544900951	0.020395232191254074	0.5955730254110083	2.8350178881502894	0.4244304248496154	0.15445559240491227	4.116048065032576	0.4092750744466258
28099_1#168	0.0	0.0	0.004354399513117375	0.0	98.16983575812627	0.013873319379001872	0.04597435765012299	0.10875872272297818	0.35645316944588745	0.179745561297287	0.8814114735389218	0.239593238326421
28099_1#169	0.0	0.0	0.0046064056677215335	0.0	96.54749895204272	0.017320085310632966	0.02515097494575957	0.07361036257019012	0.8463809773871546	0.9376799377213955	1.3379765902463967	0.20977571410803364
28099_1#171	0.0	0.0	0.0026688150627922147	0.0	94.24661852791498	0.005838032949857969	0.0030024169456412415	0.016513293201026825	2.0961874308818595	0.013510876255385586	3.0492880101815296	0.5663725966069535
28099_1#172	0.0	0.0	0.0	0.0	98.28057957221667	0.00524244281704681	0.0064522373132883835	0.07379746427073587	0.06674032970932671	0.021171403684227506	1.4519550279059263	0.09406152208278229
28099_1#173	0.0	0.0	0.003146389602968151	0.0	96.69144377614374	0.013010746196057488	0.10910318542184155	0.09490191343006639	0.5232360872179198	0.06403328029824372	2.271353143115657	0.22977147857348257
28099_1#175	0.0	0.0	0.02248529507590393	0.0	99.035885613174	0.006516146736282364	0.002110864435697104	0.03423271454413129	0.03313139396898498	0.004588835729776313	0.7527526131125064	0.10829652322270533
28099_1#176	0.0	0.0	0.0	0.0	90.5875061776983	0.019791253170841492	0.19180551644426952	7.8201461386134135	0.18445447955224267	0.04964777223999665	0.9973660669351492	0.14928259534579524
28099_1#177	0.0	0.0	0.0015533377344569145	0.0	90.13583938487825	0.012426701875655316	0.9094792435245234	0.14096539940196495	6.319521571977788	0.06213350937827657	2.244184691856627	0.17389615937244685
28099_1#179	0.0	0.0	0.004760914793907933	0.0	95.23122969668212	0.011029452605886713	0.43125953174816034	0.16258524021195594	0.8614081833777422	0.12203811588384003	2.9247886550574402	0.25090020963894233
28099_1#180	0.0	0.0	0.021799773519095025	0.0	68.45750326503395	0.01874188673587355	0.03570822630729592	0.9708297329182498	28.39238014070225	0.09203252802405275	1.6193976554886107	0.39160679127063247
28099_1#181	0.0	0.0	0.004054951349031627	0.0	90.07643583292925	0.015290545711973427	0.004646298420765406	0.20638012803508884	7.2629247350342725	0.5252851560058053	1.6951386202014296	0.20984373231236475
28099_1#183	0.0	0.0	0.003672911704835021	0.0	74.22089380714438	0.007917165230422156	0.005386937167091364	0.3549665112072779	18.279836694183576	0.10512689501838905	1.725370678411278	5.29682839993275
28099_1#185	0.0	0.0	0.0	0.0	98.85528866757821	0.004489704291749148	0.004163180343258301	0.018530234076855574	0.06497826574967858	0.10440603252994836	0.8776147425562743	0.07052917287403204
28099_1#187	0.0	0.0	0.0033944750290073322	0.0	98.32073777371812	0.011572073962524996	0.010029130767521661	0.09535388945120597	0.40378823413237214	0.05546880786036981	0.9008473844026958	0.19880823067617825
28099_1#188	0.0	0.0	0.0	0.0	99.05486985715038	0.00419542092122517	0.0029457210723495874	0.03186734614632736	0.01642462658522194	0.0	0.8291758497289491	0.060521178395546826
28099_1#189	0.0	0.0	0.11651998023087975	0.020783760518710292	84.97383209994534	0.13116680358855354	0.3863815636588583	0.7464970362684804	7.735241075256852	0.41444782294199856	5.121151322141742	0.35397853544859004
28099_1#18	0.0	0.0	0.004725545067995868	0.0	97.33148470010273	0.00822244841831281	0.00822244841831281	0.23438703537259506	0.13486705624060208	0.033456859081410745	1.8078045212124991	0.43682938608552035
28099_1#191	0.0	0.0	0.007654546127472586	0.0	96.3953817010925	0.14947393921449215	0.34319283736360606	0.12154746323294383	0.21912189738534163	0.055348256614032545	2.3166357680958516	0.39164359087376965
28099_1#192	0.0	0.0	0.05015723285519329	0.0	92.83729780065808	0.2658429244256134	0.1985190669412048	0.5050248340639538	0.7672234471157673	0.21635701208664637	2.8861987051186273	2.2733789767349037
28099_1#193	0.0	0.0	0.007923720979371912	0.0	92.7481945521617	0.011685487504932316	0.3904233428017797	0.15663355511748317	2.4396256482043968	0.11205261991030988	3.810429377635738	0.32303169568426426
28099_1#195	0.0	0.0	0.0026194966756205827	0.0	98.8983032011837	0.0072234605297416075	0.005874022848361306	0.019130263600744254	0.18399979679056094	0.05969277272929327	0.6992468550164156	0.12391013062557477
28099_1#196	0.031147539392904378	0.0	0.005142740148984212	0.0	96.40076112554205	0.008441856470974084	1.8101474996094429	0.01804810693794459	0.28207444553013405	0.03134160505890378	1.1028751798746141	0.31001990143406033
28099_1#197	0.0	0.0	0.006739290545256743	0.0	97.05127155971253	0.04033946769232251	0.4238050997174312	0.07913852611715776	0.761443556034794	0.031000736508181016	1.3053043030370133	0.3009574606353169
28099_1#199	0.0	0.0	0.0021216963989336766	0.0	95.54943381504967	0.05578008274615956	0.06392465924529206	1.4734154863304576	0.2671284208076819	0.10314182171590484	2.2687778686533044	0.21627614905260373
28099_1#19	0.0	0.0	0.0025543331377757853	0.0	98.38640303751409	0.0046142792166272255	0.13216614041910837	0.04103412589072069	0.2712536996631576	0.003048720196700131	0.9249157894042965	0.23400987455751476
28099_1#1	0.0	0.0	0.00389764571664537	0.0	98.01357012760049	0.020541646344482356	0.005267088806277527	0.1437915244113765	0.21995362855014955	0.031497191061539614	1.4078928379179831	0.15358830959107195
28099_1#200	0.0	0.0	0.005632358482137655	0.0	97.77249932994356	0.21111633345115968	0.0266080383466503	0.0561293655633718	0.25559254353424665	0.08807843350515264	1.1947397656161995	0.38960383155753675
28099_1#201	0.0	0.0	0.028232041717424758	0.014207683331820903	45.76166473717161	43.844635774579984	0.5606993480048288	0.3836991124322729	4.0888796004249475	0.07003012945491077	4.162667891277307	1.0852836816049063
28099_1#203	0.0	0.0	0.002345378807994726	0.0	76.812496178289	0.008460116414552405	0.968306393586394	19.88127357419815	0.3870712668479868	0.4581027393186842	1.2038494367321502	0.2780949158050845
28099_1#204	0.0	0.0	0.007830233259006817	0.0	94.07287761982761	0.016115712637723333	0.47318281682626073	0.13757537737627093	3.5333472335148555	0.08831774722368153	1.1357480194517562	0.5350052398828353
28099_1#205	0.0	0.0	0.007475773325009246	0.0	95.66158605688744	0.07276949566365382	0.9144302307548542	0.2886125680474314	0.11460201448232259	0.012088484525546865	2.5090763045820923	0.419359071731634
28099_1#207	0.0	0.0	0.020739015340531915	0.0	94.24759486288251	0.01865605746790207	1.1027903484788522	0.10324225977382699	3.171529769543352	0.19299057506844328	0.9034603364067528	0.2389967750378048
28099_1#208	0.0	0.0	0.0063945071183853066	0.0	98.23551569202056	0.015486696927339417	0.006594335465834848	0.12519245967713732	0.3555945442864579	0.04376240809144945	0.9471863669108236	0.26427298950200395
28099_1#209	0.0	0.0	0.002242990009204886	0.0	45.07271169727917	0.008195540418248621	3.2384462290593157	45.124473005183894	0.07367359491772972	0.013975553134276597	6.361896085723627	0.10438530427452974
28099_1#211	0.0	0.0	0.3701528043316452	0.0	59.905737824545014	0.010216144427093215	0.34351785636100934	21.298289525533065	14.506286577445671	0.12350588887753762	2.364398925845386	1.0778944526335863
28099_1#212	0.0	0.0	0.0023267883138574407	0.0	93.70502596392264	0.053414966509422984	0.08659699115921606	2.412778316760868	0.23065553719978107	0.03034941278944488	2.964024817726485	0.514827205618289
28099_1#213	0.0	0.0	0.0040023480441859225	0.0	98.10565055308639	0.21984326042706961	0.010101164111516852	0.03459172238189262	0.07185167679324252	0.014294100157806865	1.3060042844182873	0.23366089057959982
28099_1#214	0.0	0.0	0.0037012206457452367	0.0	78.4024522269151	0.0063930174790145	0.07982859983664159	0.22476503557798347	12.54259558192021	3.845568250929301	2.8521269821508635	2.0425690845451356
28099_1#216	0.0	0.0	0.00298721719973281	0.0	84.49932995058644	0.0387508453409784	0.13268223062146564	3.262953942919258	6.962456488277247	0.04065934521858547	4.347977612466654	0.7122023673696418
28099_1#217	0.0	0.0	0.0032675871253534734	0.0	98.13235317494662	0.011657337852612392	0.0086546902239092	0.16276116410882302	0.4981745668680796	0.045834532920498716	0.8978799541478044	0.2394169918063085
28099_1#218	0.0	0.0	0.023970201538222595	0.0	89.84686901586612	0.015621030215920345	0.07191060461466779	0.19678907030630685	0.31206150017551215	5.910943968082824	2.6347470964185646	0.987087512781855
28099_1#220	0.0	0.0	0.004269289089758123	0.0	98.32813167076421	0.014574469651243245	0.009863529965992903	0.10857243805850397	0.46042074580063885	0.03658339099327219	0.8703461068500007	0.16723835882638127
28099_1#221	0.0	0.0	0.014557315209124273	0.0	93.86915505333991	0.02004268036038849	0.012236583798974025	0.030064020540582735	0.8260748942221172	2.6852972171265757	1.9613345049510695	0.5812377304512637
28099_1#222	0.0	0.0	0.0	0.0	97.9282166924337	0.006646906480487637	0.008041936235651708	0.03594253133893315	0.07369039530219627	0.016904478209635226	1.2291853354472138	0.7013717245521889
28099_1#224	0.0	0.0	0.0	0.0	98.66300358511349	0.01752155108255117	0.0021264018304066956	0.2049000803779892	0.28170571449227905	0.020923794011201886	0.7495991732549684	0.060219699837134044
28099_1#225	0.0	0.0	0.014519350771500648	0.0	95.04014707248251	0.02124522649653404	0.01227739219648952	0.04152961360377759	0.570845357170691	1.8011468151910843	1.9336358909810276	0.5646532811063878
28099_1#226	0.0	0.0	0.028217340306967927	0.0	91.9048791788587	0.015360918983674851	0.07396616423660823	0.22014534434755748	0.19109317148712895	4.384123154498287	2.2815973686077915	0.9006173586732871
28099_1#228	0.0	0.0	0.014091887916646484	0.0	97.30034657236844	0.026950735640586396	0.00845513274998789	0.24845759883037327	0.6655774811631092	0.2182481141090624	1.1127306996181978	0.40514177760360326
28099_1#229	0.0	0.0	0.33284901708246056	0.0	50.811038743772265	0.011550255068132755	0.3322073362453421	24.228401710537774	19.76624483790684	0.09790216200607764	3.025525147013663	1.3942807903674321
28099_1#22	0.0	0.0	0.0	0.0	98.27348197842805	0.005313288534625098	0.1514788486003495	0.04431082136423194	0.279799779247899	0.020050145413679613	0.996792979241082	0.22877215917009153
28099_1#230	0.0	0.0	0.0037755866789750793	0.0	81.59769613700848	0.011515539370873991	0.25692867350425413	16.624380095862147	0.2074684880096806	0.02435253407938926	1.1139868496315972	0.15989609585460585
28099_1#232	0.0	0.0	0.0	0.0	99.11010216906327	0.0055635715575629	0.0029185949154428327	0.01249523448173963	0.06338823331977403	0.005381159375347723	0.7457922069867514	0.054358830300131444
28099_1#233	0.0	0.0	0.0059739878393908555	0.0	63.93857930468857	0.020959584453456054	0.009214116837026574	0.2742971704560988	31.60107936797234	0.1587663208841502	1.6430491638948375	2.3480809829741105
28099_1#234	0.0	0.0	0.0027250009216914883	0.0	96.35803626815932	0.034703688208600425	0.034543394036736216	0.8473149924741886	0.5567818059703167	0.10330959376648025	1.802187374269259	0.2603978821934163
28099_1#236	0.0	0.0	0.01195812662659587	0.0	95.82545121167378	0.025577104173552277	0.019016743038128153	0.3636433090129397	0.5720800995181872	0.07058616411532284	1.3764302002487956	1.7352570415927033
28099_1#237	0.0	0.0	0.0	0.0	99.1909467162916	0.0046199421493097696	0.002929719411757415	0.016564182828013075	0.03786098932117274	0.005296031244330712	0.6908503735955658	0.05093204515824823
28099_1#238	0.0	0.0	0.0031833025171964656	0.0	97.56892955263105	0.01246793485901949	0.3088687692379793	0.07082848100762136	0.45591966051847155	0.048633788457168224	1.227516820658926	0.30365169011257365
28099_1#23	0.0	0.0	0.0060269890545926645	0.0	97.30198376862685	0.005631776657570194	0.006422201451615134	0.19780380470974615	0.20076789768741465	0.019859422950379107	1.8488035932711138	0.4127005455907238
28099_1#240	0.0	0.0	0.03804777490686872	0.0	83.37647493602827	0.04724785162615254	0.05457672630083628	13.291459989801949	0.5010923141935353	0.28286337574204856	1.1833013929539888	1.2249356384463255
28099_1#241	0.0	0.0	0.0	0.0	96.66878357929095	0.006689946423893851	0.004240106888383426	0.26203860570209575	0.05681743230433791	0.01055315492219875	2.9193607049507486	0.07151646951740531
28099_1#242	0.0	0.0	0.28471579724303364	0.0	49.365511449420694	0.011554184382364177	0.314980862304301	27.78953794471754	16.424445550043846	0.09614116109206013	4.293845327410233	1.4192677233859285
28099_1#244	0.0	0.0	0.011465493958958628	0.0	63.44163553997381	0.020722818711006705	0.041615496591775755	0.23703847140335949	33.69870040749215	0.08577888072998677	1.9756320035058932	0.48741088763306095
28099_1#245	0.0	0.0	0.0	0.0	99.037465290729	0.0058398230721990515	0.002637339451960862	0.021475478394538446	0.05613765404888121	0.013563460038655863	0.7860213473790498	0.07685960688571924
28099_1#246	0.0	0.0	0.00590690085666027	0.0	94.6993547109929	0.00949893516138611	0.3728531608305422	0.17792543256075327	2.7940439281848573	0.19676365691442657	1.1184796595070772	0.6251736149913825
28099_1#248	0.0	0.0	0.007182217176402177	0.0	95.05725005884226	0.01782574383540781	0.21685103908510667	0.3491595940576239	2.0658825646918744	0.06109211236795105	1.6151335373198388	0.6096231326235539
28099_1#249	0.0	0.0	0.003667602079844745	0.0	97.60306485787518	0.007439992790542198	0.011002806239534235	0.14544661962355734	0.19071530815192675	0.016242237782169586	1.586919025633395	0.4355015498238686
28099_1#250	0.0	0.0	0.00242222567458985	0.0	98.72006254353742	0.005679701581796891	0.017707304931484424	0.06005449172517594	0.12603926010193395	0.025892757211132884	0.9571132415560377	0.08502847368040989
28099_1#252	0.0	0.0	0.004198924907266743	0.0	98.09352013510461	0.005794516372028106	0.008061935821952148	0.3615274345156666	0.23875087022718705	0.031072044313773903	0.9955650955129449	0.2615090432245495
28099_1#253	0.0	0.0	0.0	0.0	98.9117805287238	0.006084834178610166	0.0	0.15588765657582235	0.035929497054650504	0.004636064136083936	0.8313042504015508	0.054377168929491404
28099_1#254	0.0	0.0	0.0031562169583537174	0.0	94.35471144286458	0.004339798317736361	0.004734325437530575	0.0178326258146985	0.03534962993356163	4.591822241860905	0.6945255416857355	0.2935281771268876
28099_1#256	0.0	0.0	0.004092814352610192	0.0	96.15942757542567	0.01583741206010031	0.006228195753972032	0.1267882707058592	2.5839894440979396	0.03407712819673269	0.8925894257692489	0.1769697336378897
28099_1#257	0.0	0.0	0.0	0.0	98.22657567991968	0.004767269677635279	0.05681807125997965	0.12151673117074414	0.41990889650354823	0.006226637946299139	0.9147320307985078	0.24945468272362348
28099_1#258	0.0	0.0	0.014361757645339736	0.0	94.54044462999687	0.019872664648784052	0.10545872038409351	0.3608809101346415	0.7824652958981317	0.08566955432627074	3.568479281912118	0.5223671850537386
28099_1#260	0.0	0.0	0.0	0.0	98.99096588241859	0.004431707389133454	0.07977073300440217	0.01764476090117949	0.035699865079130595	0.06516251235133262	0.7641412500041034	0.04218328885212941
28099_1#261	0.0	0.0	0.005157192295584477	0.0	70.56930030867944	0.008380437480324774	0.023099923823972135	0.6186481924578211	20.207705919704665	0.5904985178444225	7.6920597503704045	0.2851497573433619
28099_1#262	0.0	0.0	0.003813737080965638	0.0	95.58278442760346	0.12285681596539307	0.1720721849626163	0.5353760435565096	0.080724101547106	0.2534319093565499	3.0139419331288444	0.2349988467985611
28099_1#264	0.0	0.0	0.02858530102393377	0.0	92.84257204738697	0.01251124769453333	0.07457035049721852	0.4288623713040034	0.2430993426209324	3.2036251133055047	2.3427518447876152	0.823422381379288
28099_1#265	0.0	0.0	0.0	0.0	93.59112625134063	0.015122542338144026	0.06695704601033507	5.026752971281098	0.21877941185249156	0.03402572026082406	0.9591870439608327	0.08804901295563639
28099_1#266	0.0	0.0	0.0036749058625858686	0.0	98.19673223952182	0.011024717587757606	0.07264348798134856	0.029741098608834473	0.20553833952369804	0.06537913918321372	0.8023259590222357	0.6129401127085146
28099_1#268	0.0	0.0	0.005228562309245268	0.0	98.1918538999222	0.016856260579059375	0.007179518394784548	0.12595372488241588	0.4243719677265041	0.05806045310564895	0.8795690416045286	0.29092657147562306
28099_1#269	0.0	0.0	0.008079012744642605	0.0	94.57879009089851	0.07203786363972989	0.34951347992894316	0.09646725931995871	2.223748257962877	0.01000258720765275	2.454865729693546	0.20649571860413118
28099_1#26	0.0	0.0	0.004713165327556421	0.0	97.64890174678477	0.006941207118764911	0.008226615844462116	0.1409664902514602	0.37568212356377	0.030592727671593493	1.5885937971316533	0.1953821263059723
28099_1#270	0.0	0.0	0.0	0.0	99.18587823063203	0.006828064343681459	0.0013323052377915041	0.016237470085583957	0.03480647433730305	0.004912875564356172	0.6868866191588824	0.06311796064036912
28099_1#272	0.0	0.0	0.0	0.0	98.85038080868111	0.005223595580666873	0.003596574006360798	0.1436916948255576	0.059343471104953166	0.005823024581727006	0.8274689196062951	0.1044719116133308
28099_1#273	0.0	0.0	0.3801840539733361	0.0	60.91626304766816	0.01400531645522658	0.1420009237943834	21.94493962873854	13.602686794748841	0.04776647665193171	1.9841174146371325	0.9680363433324715
28099_1#274	0.0	0.0	0.007262977540773306	0.0	96.27435503884381	0.00428778192166135	0.06632936115549597	0.34766035866858247	0.29410683752456723	0.02651424331149773	2.0178826757859327	0.9616007252476919
28099_1#276	0.0	0.0	0.0029112706010701217	0.0	83.94441924748251	0.007278176502675304	0.07408417555881072	0.2563450376626481	8.653828474065175	3.9418603938489447	1.6645572723539614	1.454715951924186
28099_1#277	0.0	0.0	0.0033849896863595496	0.0	94.2516528269953	0.015126672660919235	0.002115618553974718	4.4361347649018885	0.04146612365790448	0.004125456180250701	1.1752261067329561	0.07076744063047613
28099_1#278	0.0	0.0	0.053601212185342244	0.0	80.20831616735721	0.018214004140650275	0.09237102099901211	0.23600145365099712	16.473872878393767	0.04197894287654635	2.486298298551813	0.3893460218446734
28099_1#27	0.0	0.0	0.008052128781546621	0.0	95.09424053984273	0.07868330189793928	0.19115053542280241	0.07658274656362275	1.4955078748944253	0.01067782294944226	2.7213569587459685	0.32374809090151757
28099_1#280	0.0	0.0	0.004364751583869525	0.0	90.21957994619002	0.00807067273998516	0.024706141040770898	0.10705994451000722	6.671893388060181	0.09429510497227558	1.7677243914671577	1.1023056594357286
28099_1#281	0.0	0.0	0.0041710389399414296	0.0	97.47059417547341	0.09428743287920233	0.03468548171109189	0.6865749623508854	0.06816355741325338	0.27517880585350435	1.0736034703043982	0.2927410750743178
28099_1#282	0.0	0.0	0.0	0.0	69.61563522337003	0.02731888091004113	0.5133743738716114	27.883160030950087	0.21855104728032904	0.05048054081203253	1.02360962167592	0.6678702811299502
28099_1#284	0.0	0.0	0.09889727219965178	0.0	93.92981234281292	0.033043141806925906	0.15244728187270265	0.5207970593925324	1.955503965950861	0.08999806538982395	2.1783710582317664	1.0411298123428168
28099_1#285	0.0	0.0	0.00532643355325358	0.0	96.45935572688917	0.014750123685932991	0.47425744906853995	0.06463422254044247	1.2611355751472708	0.18079144656716478	1.0337378349891373	0.5060111875590962
28099_1#286	0.0	0.0	0.007289721255321695	0.0	91.40533940387512	0.011489234587191801	0.3990330026282614	0.224872053506554	1.4668979304322882	0.22106872067769054	5.737406808441181	0.5266031245964058
28099_1#288	0.0	0.0	0.007616201767769044	0.0	98.09910947155713	0.008264389152260026	0.010857138690223957	0.10630273105652113	0.38186339288825005	0.04399571872232544	1.145104038126382	0.19688691803914082
28099_1#289	0.0	0.0	0.003613021328869245	0.0	94.83960192533893	0.01214376613314385	0.10829027816249764	3.413903708967118	0.13428395938964027	0.3382189410635932	0.958755354296886	0.19118904531933367
28099_1#290	0.0	0.0	0.011993035022367461	0.0	93.42439022630768	0.011181476261455377	0.035528239088817894	0.215243418033016	0.39081062997699684	3.456518935920222	1.7799287090715137	0.6744053303179243
28099_1#292	0.0	0.0	0.006494535086329795	0.0	0.25851417709488356	0.0	96.48994139078093	0.030888642483763662	0.0	0.0	2.290274037699984	0.9238872168541121
28099_1#293	0.0	0.0	0.009900125827405678	0.0	97.81452061035873	0.09335925108209439	0.19906704620697435	0.06514921512228253	0.06749118037177634	0.013838885565190733	1.4958770766312321	0.24079660883433007
28099_1#294	0.0	0.0	0.0	0.0	94.12843814686303	0.006049798215961043	0.10414960313323704	0.022710011764530684	0.8736839362034817	0.0035368051108695332	4.0720726422540245	0.7893590564548703
28099_1#296	0.31095198738494156	10.533432205564571	0.003628068151047981	0.0	69.1307148710089	0.048315249035907254	0.06663256872534462	0.07291532088935454	0.23608989821941495	0.10017007675576375	10.97437522011755	8.522774534147189
28099_1#297	0.0	0.0	0.005519050808169469	0.0	97.33100825628775	0.009446067729366976	0.0039270169211975065	0.13595969394740556	0.7954862655236572	0.44481426801996626	1.0473460264426215	0.2264933543198424
28099_1#298	0.0	0.0	0.0032458710202143575	0.0	98.70786511643867	0.005749828664379719	0.009552134716630823	0.1658176395469506	0.09533586882229599	0.013261701596875803	0.871562738513558	0.12760910068043074
28099_1#2	0.0	0.0	0.0	0.0	97.19773709328163	0.00734480125233286	0.3130832148283573	0.22468012505630278	0.31945460868580267	0.025220100685721263	1.7643451490242477	0.1481349071856073
28099_1#300	0.0	0.0	0.0018710222067883679	0.0	98.1929667526838	0.005613066620365104	0.005014339514192826	0.14107507439184294	0.35631746906077677	0.0037420444135767357	1.2294112716365009	0.063988959472141
28099_1#301	0.0	0.0	0.003575127931604904	0.0	82.53511355379311	0.007923256497070328	0.284077732943741	15.505233214291236	0.2153773016093873	0.027634772660513583	1.2230802529258074	0.19798478734750802
28099_1#302	0.0	0.0	0.03254396043868879	0.0	95.75268108152216	0.013283249158648485	0.05787701419125412	0.13985363757034192	0.1751491281918936	1.4022367093976142	1.7483602303315404	0.6780149891978624
28099_1#303	0.0	0.0	0.0264662577795442	0.0	91.5997181750025	0.015084863649091746	0.06332029591624738	0.2444289882301932	0.4751280406839676	4.329265538764487	2.388828168047188	0.8577596719267859
28099_1#305	0.0	0.0	0.008242830419745112	0.0	97.49485243651338	0.07889566258898892	0.33534862126044657	0.1300348553972035	0.06955939548091028	0.01842020267269571	1.6457063264564575	0.21893966921015817
28099_1#306	0.0	0.0	0.020344292586480524	0.0	93.96278179561097	0.027257401717808858	1.082494131264141	0.043058794017987914	3.576743905847404	0.08730269245848925	0.9194435144666684	0.28057347203005634
28099_1#307	0.0	0.0	0.0013610332964786866	0.0	98.5094283580094	0.010888266371829493	0.007045348828830848	0.04963768493039916	0.10303822662165116	0.039229783251444494	1.0797797688004733	0.19959152988948858
28099_1#309	0.0	0.0	0.007544927686583704	0.0	96.84725765456493	0.07676963921098919	0.5785073303688054	0.15693449588094105	0.06224565341431556	0.007827862474830593	2.002423808019315	0.2604886283792922
28099_1#30	0.0	0.0	0.004305026906418165	0.0	98.35768473552959	0.012390077437983987	0.00724504528153301	0.10815067594172464	0.3039768998556241	0.03832523953274708	0.928205801286258	0.2397164982281197
28099_1#310	0.0	0.0	7.1230792772486575	81.87793825763626	0.950965094420759	0.0	0.4341556638493646	1.4370585981697774	0.0	0.0	2.4777141989118743	5.699088909763304
28099_1#311	0.0	0.0	0.0	0.0	96.40741711497616	0.014288632122072254	0.026561076889496278	0.11860441264517645	0.43453220508657775	1.1600966718006394	1.6343390017418105	0.2041608847380587
28099_1#313	0.0	0.0	0.0009888857482610032	0.0	98.17550579445845	0.0155749505351108	0.03642395839428028	0.11808943977150146	0.10037190344849183	0.02735917236855442	1.2599228504302067	0.26576304484517266
28099_1#314	0.0	0.0	0.004506107183391991	0.010795881793543311	97.63898759036857	0.018587692131491963	0.0074163014059993185	0.05482430406460255	1.0190373640775015	0.05210186430796989	0.8848867981386023	0.30885609652831647
28099_1#315	0.0	0.0	0.0038710145023028416	0.0	57.53167642931033	0.008071477047354862	5.0448378786181625	8.75829385447621	25.367499291686705	0.05205279075437013	3.1463111702653377	0.08738609333923364
28099_1#317	0.0	0.0	0.004927607395906455	0.0	87.38229934263988	0.008299128245737187	0.3244440448567881	10.381863638406982	0.3526265011912707	0.11817612824919516	1.3112622628264756	0.11610134618776158
28099_1#318	0.0	0.0	0.004604592717715444	0.0	97.93144730831263	0.007997450509716297	0.005573980658287116	0.29929852665150386	0.42883299021039356	0.034655618875437284	1.0380933108596895	0.24949622120462323
28099_1#319	0.0	0.0	0.0011253829316386138	0.0	98.35436861596388	0.003938840260735149	0.006189606124012376	0.07194412312975425	0.06808566736413613	0.013986902150365629	1.4215997961449205	0.05876106593058239
28099_1#31	0.0	0.0	0.006035168573231284	0.0	93.11489158250743	0.0199082184103993	0.015283868464676628	1.0400084649117651	0.8180396675170768	2.686198666776397	2.0912251000309596	0.20840926280808958
28099_1#321	0.0	0.0	0.004778645046754082	0.0	98.06041108970238	0.2235143598283655	0.01388511956981375	0.03426198335408588	0.07050755521814515	0.015237566281159246	1.353708994942751	0.22369468605653253
28099_1#322	0.0	0.0	0.00267197366819431	0.0	95.51029254153187	0.006333567213497623	0.004750175410123217	0.03800140328098574	0.058981344675696615	3.498801075518882	0.783581018694909	0.09658690000583192
28099_1#323	0.0	0.0	0.0023558542164916294	0.0	98.75099108349798	0.006173962774253925	0.007392508058646148	0.029894977643755847	0.08131758864510763	0.03834355828220859	1.0292645835499636	0.05426588333159543
28099_1#325	0.0	0.0	0.0	0.0	99.04022585180556	0.006081610410436684	0.003120826394829351	0.019605191454697204	0.058095383657592536	0.01968521264430821	0.790609353356769	0.06257657027582297
28099_1#326	0.0	0.0	0.0036704854109000464	0.0	98.51917504760836	0.017704694334929633	0.005829594476135368	0.04922768668736533	0.21375179745829678	0.040807161332947574	0.8875017812649788	0.2623317514261032
28099_1#327	0.0	0.0	0.004300901845355698	0.0	97.73405194234999	0.014873952215188455	0.07884986716485447	0.3306318293617193	0.21907718774780588	0.3374415906168658	1.0582010582010581	0.22257167049717452
28099_1#329	0.0	0.0	0.004407384092984307	0.0	91.97721957300114	0.018012787162631515	1.0903484995252481	3.843334741779989	1.9876344132382489	0.034396758464812306	0.8933575931083843	0.1512882496265604
28099_1#330	0.0	0.0	0.004359729181550023	0.0	97.50692850143227	0.00475606819805457	0.011592916232758014	0.11602824708170628	0.22690408694885345	0.0513259026373389	1.5602876232242773	0.517816925063201
28099_1#331	0.0	0.0	0.003934768383280655	0.0	97.79644416691971	0.013001843353449123	0.005388921916232203	0.06338398634806448	0.3632817679085423	0.4367592905441528	1.094464379653826	0.22334087497273458
28099_1#333	0.0	0.0	0.0	0.0	99.12021847081253	0.008477648769207737	0.0027056325859173627	0.024350693273256264	0.03481247260547007	0.03751810519138743	0.7206903331355216	0.05122664362671969
28099_1#334	0.0	0.0	0.0029641251927916426	0.0	98.06986047862718	0.012152913290445736	0.037249173256081645	0.12241837046229485	0.6124870690038465	0.03942286506412885	0.855347726466575	0.24809727863666353
28099_1#335	0.0	0.0	0.005344197493036956	0.0	93.7846092456398	0.06644618883009282	2.4884364926744413	0.1366333159053115	0.47189263863516323	0.011935374401115868	2.6862608698750257	0.34844167654600255
28099_1#337	0.0	0.0	0.004698886444927836	0.0	97.67518542373018	0.011018078560520441	0.011018078560520441	0.13942730296070352	0.4122057626171178	0.04747495615047779	1.5303787059428762	0.1685928050326595
28099_1#338	0.0	0.0	0.005164831921612608	0.0	98.19325747003343	0.01697016202815571	0.011278306441072429	0.1006615201048988	0.42815402582837575	0.02803765900303987	0.9335697210147524	0.28290630362465663
28099_1#339	0.0	0.0	0.030815786813451988	0.0	94.61538963219972	0.015815509634417156	0.07304482800225656	0.27220611685215923	0.4820469508675704	1.9471011964351514	1.858974568008322	0.7046054111869466
28099_1#341	0.0	0.002858926722019177	0.003227820492602297	0.0	96.75069144526124	0.016692443118886163	0.024254765415840113	0.1440530174127082	0.39831304878712337	0.4523559861775504	1.9915652439356168	0.21598730267642452
28099_1#342	0.0	0.0	0.0	0.0	98.41981793391597	0.008775816418482298	0.004280886057796243	0.6333570922509542	0.07619977182877312	0.0	0.8095155535292695	0.04805294599877641
28099_1#343	0.0	0.0	0.03589813418121308	0.0	96.5390131373024	0.015738590847921004	0.07126575406418162	0.2900144830403421	0.23342629122759243	0.33891021752854605	1.912857721370354	0.5628756704374496
28099_1#345	0.0	0.0	0.0030680010635737017	0.0	69.51107076383786	0.008417336251343234	0.32646677984181705	0.04436801538091199	25.799292943754885	0.03838934664164017	3.601282581777962	0.667644231449998
28099_1#346	0.0	0.0	0.0033508750278899053	0.0	93.97725164499359	0.009480524469151926	0.12030458636716927	4.493768598378013	0.060724393798102426	0.041763344859798573	1.128264140488296	0.16509189161799043
28099_1#347	0.0	0.0	0.005469581314205427	0.0	97.13124011746103	0.014988073471394088	0.033172655503038107	0.1846161277353234	0.2979856313388541	0.052280673340976545	1.5530059256165356	0.7272412142186369
28099_1#349	0.0	0.0	0.01595688980271633	0.0	80.27886327106269	0.01894880664072564	5.645580855721459	0.38404576967891746	10.669424770744373	0.11942734711720501	2.625490134154227	0.24226215507766824
28099_1#34	0.0	0.0	0.010257709875761032	0.0	96.3779940229445	0.15464144132029656	0.009912912905147215	0.10947303816988664	0.11904115410442005	0.06180485698252655	2.6876923859346973	0.46918247776275734
28099_1#350	0.0	0.0	0.0	0.0	99.01361440579888	0.005711497243952076	0.0	0.07925954947308933	0.02424881286028776	0.03677402611456863	0.7941987220274412	0.046192986481770504
28099_1#351	0.0	0.0	0.023079964674589917	0.0	98.28293772241683	0.005574029204429263	0.09432302544370143	0.06549484315204385	0.049556603395628916	0.004180521903321947	0.951068733005743	0.5237845568037045
28099_1#353	0.0	0.0	0.003916835965126857	0.0	84.29333997471055	0.011085384806962804	0.25400311721020774	13.951917512912626	0.3355176468240742	0.03672957499373676	0.9598465191522193	0.1536434334244916
28099_1#354	0.0	0.0	0.007449593781208669	0.0	96.87581311236471	0.08021808955707306	0.018138141380334153	0.035520526869821045	0.03854355043321007	0.013387675780722827	2.5261680477205863	0.40476126211234487
28099_1#355	0.0	0.0	0.0391083971560648	0.0	98.91628573143852	0.004459729500253004	0.013293424471907993	0.020240310808840555	0.01981149066458546	0.0	0.8404017187111381	0.146399197248698
28099_1#357	0.0	0.0	0.002264185119775393	0.0	98.96909309236158	0.007339082802030583	0.004294144192677469	0.14795278627497827	0.030605536791446692	0.016317747932174383	0.7670122281611538	0.055121196364197544
28099_1#358	0.0	0.0	0.007260033515497188	0.0	96.28544860542712	0.007061128487675347	0.34370788807614083	0.24037672612269456	1.7005385353628277	0.039283742994813554	1.0644402563885809	0.31188308362466444
28099_1#359	0.0	0.0	0.0341335388967191	0.0	94.91581754725209	0.013147128618114293	0.06867537371325541	0.1766288149129268	0.30467041536760514	1.899964233277424	1.8300639718047171	0.7568989761571316
28099_1#35	0.0	0.0	0.0	0.0	86.29225270065405	0.0069809937727648794	0.11292229116215621	4.216048549981557	5.653567240649006	0.03933884328706695	2.120995716122605	1.5578936643707806
28099_1#361	0.0	0.0	0.004808456363258503	0.0	98.27840962343267	0.0088834193829691	0.019233825453034013	0.18052086177317941	0.25281070574284537	0.06650339648167693	0.9481623954262615	0.24066731594409418
28099_1#362	0.0	0.0	0.003045357981830764	0.0	96.30220032364805	0.015961876318561247	0.06573772746986407	0.040534764861609486	0.15646839285958064	0.14869747938870215	2.944651143741947	0.3227029337298575
28099_1#363	0.0	0.0	0.010587705136787025	0.0	96.75858719762695	0.16354066860045413	0.0077001491903905634	0.1141022107303329	0.1954787874015059	0.034125661184685456	2.300507072324526	0.4153705478043719
28099_1#365	0.0	0.0	0.0069616626592480324	0.0	94.89790453953957	0.07086615578772998	0.21090267774106541	0.14012577403871043	0.6673378423486865	0.010531746074247025	3.5754385401214903	0.41993106168924044
28099_1#366	0.0	0.0	0.0047774371199698065	0.0	95.12271444422282	0.013496259863914704	0.022931698175855074	0.04717719155970184	0.26908914578229937	0.9069964372262677	3.348863985170835	0.26395340087833574
28099_1#367	0.0	0.0	0.005275012791906021	0.0	97.9511850316237	0.01046210870394694	0.005626680311366422	0.1782954323664235	0.2033517431279771	0.030682991072920017	1.4578377019230937	0.15728329807865293
28099_1#369	94.21945705612626	0.0	0.0	0.0	0.055445425376250246	0.0	0.0	0.0	0.0	0.0	3.9468566506298735	1.7782408678676234
28099_1#370	0.0	0.0	0.0067715687096927425	0.0	95.29679179245446	0.06326868675026354	0.30815691038586823	0.08580689305267371	0.5286877003045185	0.0072769096581772755	3.323122077234289	0.3801174614500695
28099_1#371	0.0	0.0	0.0024075108124417053	0.0	96.94067505049948	0.011959892423097505	0.10926992622920902	0.17466102636069017	0.22133567146641484	0.05389717754304979	2.2396840103227853	0.24610973434282357
28099_1#373	0.0	0.0	0.007590417652070606	0.0	96.43011570696211	0.012281125189867048	0.36698390063887437	0.20579413252186937	1.4705794558949827	0.1288665289020077	1.032723228639584	0.34506550359863297
28099_1#374	0.0	0.0	0.0	0.0	98.4236327264856	0.004945100058967985	0.0025192019168327473	0.047678228870427185	0.02556523426711751	0.03396257398989333	1.1987668973135979	0.26293003709756135
28099_1#375	0.0	0.0	0.005333352617772178	0.0	98.258795964008	0.0036158322832353746	0.06345785657078082	0.12013602761049531	0.32497292645577924	0.009310768129331088	0.9981505017871252	0.21622677053748873
28099_1#377	0.0	0.0	0.004058302193668424	0.0	97.40331095023585	0.011940773762139787	0.02754962835317219	0.20845625306323773	0.6375436657707184	0.4101226543793763	1.0393155829438925	0.25770218929795874
28099_1#378	0.0	0.0	0.00508160597227291	0.0	97.34795603948871	0.010625176123843358	0.004250070449537343	0.12399118572345899	0.3064670365459862	0.04323984718224949	1.93211898349402	0.22627005501992414
28099_1#379	0.0	0.0	0.001984377393655231	0.0	99.04329197097094	0.006588132946935367	0.004921255936264974	0.027225657840949772	0.061595074299058375	0.023812528723862775	0.7834321950150852	0.047148806873252624
28099_1#381	0.0	0.0	0.010532552169047462	0.0	67.09638446913226	0.021452330520780494	0.038954953978168186	0.2583573090878113	29.319837210112798	0.5515649746173237	2.1914678582907063	0.5114483420911142
28099_1#382	0.0	0.0	0.0	0.0	98.9187903556433	0.011938375770094647	0.0022210931665292365	0.016658198748969275	0.11281302374996414	0.006570733950982325	0.8264317490460868	0.10457646992406922
28099_1#383	0.0	0.0	0.0692382658557806	0.0	97.06220731591549	0.00696737266473264	0.007054464823041799	0.3282503446672165	0.2588378944948176	0.0147185747542477	2.1075431389233144	0.14518262790136305
28099_1#38	0.0	0.0	0.003135498733350732	0.0	94.364217688455	0.05404124287480968	0.06815098717488798	2.1698573440296878	0.23211912681893507	0.06436994458467091	2.5766421944064546	0.4674659729221986
28099_1#39	0.0	0.0	0.02978670526146514	0.0	95.15207666330424	0.016081166030729645	0.0772992412613482	0.3428212212914638	0.4825263511834276	1.2826557314737659	1.873912693887695	0.7428402263058587
28099_1#41	0.0	0.0	0.0039512503512222534	0.0	93.65701390840123	0.007726889575723518	0.07331764540601292	3.6319015172801348	0.4091739252599045	0.01958064062939028	2.1066310761449847	0.09070314695141235
28099_1#42	0.0	0.0	0.003006972567990657	0.0	97.59971421732713	0.00938175441213085	0.07036315809098137	0.4173677924371032	0.23971585312021515	0.054005227321112195	1.3967988972830199	0.2096461274403083
28099_1#43	0.0	0.0	0.004048251104919536	0.0	98.13152970252439	0.22508276143352618	0.00951339009656091	0.03694029133239077	0.07661315216060222	0.013055609813365503	1.291695721302201	0.2115211202320353
28099_1#45	0.0	0.0	0.002312200414417459	0.0	94.1517337056569	0.006314085747063061	0.012450309923786316	0.09284373971737796	0.13499693188791165	0.07959305272706253	5.407614253826247	0.11214172009923118
28099_1#46	0.0	0.0	0.00916892833565613	0.0	69.50813553617735	0.014778155082175172	3.060911887677392	0.4692333912953431	22.995348656590195	0.0884531910028003	3.15594513313284	0.698025120706248
28099_1#47	0.0	0.0	0.004289366113825175	0.0	70.20651928891436	0.00876125844525993	1.534954226987779	25.26628293571518	0.2538939686949284	0.021994409221954617	2.57580998290642	0.12749456300028328
28099_1#49	0.0	0.0	0.0044822839763237615	0.0	98.25305019424589	0.01108346583236421	0.012713387278300122	0.13373505463904167	0.41603744907514184	0.04245945366663054	0.867036713165609	0.2594019981206799
28099_1#50	0.0	0.0	0.01083729317611773	0.0	63.66382521301139	0.017085822574960385	3.9354019220085896	0.38389402494139563	28.83383891095943	0.0840622470688051	2.6066130920359565	0.46444147422334936
28099_1#51	0.0	0.0	0.0019700129763898224	0.0	98.24163493946493	0.005053511548130415	0.006338302619688995	0.18886428751911127	0.30903507907889044	0.004710900595714793	1.189802185001349	0.052590781195789305
28099_1#53	0.0	0.0	0.00835000019880953	0.0	61.00176145242288	0.019880952854308402	0.10608476443058963	0.2640190539052156	36.18420895676688	0.097019049929025	1.8149719479755226	0.5037038215167513
28099_1#54	0.0	0.0	0.004773782387129883	0.0	94.403933596687	0.013923531962462158	0.4667366821416779	0.10442648971846619	3.2223031113126708	0.09627127814045264	1.174449921033683	0.5131816066164561
28099_1#55	0.0	0.0	0.013885513937584613	0.0	95.65758697914076	0.19261459536392714	0.01210291417532713	0.280900194115732	0.32546518817216913	0.265701185616484	1.363501176046738	1.8882422534312866
28099_1#57	0.0	0.0	0.0025826147282065164	0.0	98.75090502835087	0.007836899864902533	0.0033841158507533667	0.0812187804180808	0.1116758230748611	0.09546768926335814	0.891981693714361	0.05494735473460821
28099_1#58	0.0	0.0	0.0024617641341338876	0.0	96.70098139500534	0.012054155415414209	0.06833517682681998	0.04932017110109617	0.35288115536533005	0.06375120223222586	2.467027216075829	0.28318776384379873
28099_1#59	0.0	0.0	0.0	0.0	98.95501714389519	0.007357115284179932	0.004178114852744158	0.009173686959286087	0.13124730352641975	0.020708917096210176	0.8175480823815254	0.05476963600443696
28099_1#61	0.0	0.0	0.006963749282613759	0.0	95.8530472806559	0.013207110708405405	0.29199721129856315	0.2472531210803897	2.0699944850307403	0.17545446468378575	1.0596905373853283	0.2823920398742672
28099_1#62	0.0	0.0	0.021888505545409487	0.0	93.10984558478953	0.01697082368278445	0.567461916893105	2.407542759725921	1.806428470870931	0.14733760560962864	1.5467555834974167	0.37576874938528704
28099_1#63	0.0	0.0	0.0066776595782568286	0.0	95.5540142527966	0.0077460851107779205	0.9849102700623604	0.026710638313027314	0.29488544697582153	0.10319209934932885	1.9341173202463078	1.0877462275675072
28099_1#65	0.0	0.0	0.0023916640258709715	0.0	98.36786013548777	0.010079155537599095	0.003587496038806457	0.6954617320943375	0.016741648181096802	0.0	0.8541657235253469	0.04971244510917927
28099_1#66	0.0	0.0	0.00773722659112841	0.0	87.08517182016107	0.039330901838236086	0.026005678264626044	0.43672345647702576	9.17527612227397	0.07758718887214879	2.657200026650447	0.49496757887135345
28099_1#67	0.0	0.0	0.010755467664002805	0.0	96.01713282731419	0.03109143593627702	0.5665148850249545	0.3517670600697388	0.6443338569468571	0.20489617810331395	1.4969984110830123	0.6765098778576686
28099_1#69	0.0	0.0	0.004300584033412012	0.0	96.37270412263855	0.008178159801242516	0.014311779652174405	0.05886865029342673	1.0200844324498102	0.04540288717241535	2.163616777071824	0.3125326068871459
28099_1#6	0.0	0.0	0.0030749148446969623	0.0	97.01515040301223	0.018350298266739933	0.08074131237365571	0.34111716615847915	0.5680657198574033	0.07211171264821586	1.7886085315992135	0.11277994123936708
28099_1#70	0.0	0.0	0.003497232652754589	0.0	96.60729574542218	0.024480628569282122	0.10776657655895622	0.1056941423943609	0.3821050490972606	0.06165491639671053	2.4415865001638517	0.2659192087446627
28099_1#71	0.0	0.0	0.0061833265080221056	0.0	93.24922657735645	0.013988509149295912	1.4922090085998923	0.10136600832823124	3.430428453844002	0.07663270229614283	1.1497946324671269	0.4801707814508376
28099_1#73	0.0	0.0	0.009563764263457796	0.0017932057993983368	93.2385040564877	0.005891961912308821	0.005891961912308821	0.23089659436062393	2.7263559411042904	0.022628549373359962	3.6034043585147812	0.15506960627176625
28099_1#74	0.0	0.0	0.0030953076168298067	0.0	94.99767336044135	0.007531915200952529	0.0021667153317808645	0.0768668058179402	3.8897699051494565	0.016405130369197975	0.9048615933199133	0.10162926675258177
28099_1#75	0.0	0.0	0.0012608848307795566	0.0	94.14348093445145	0.004752565900630636	0.004461592478143046	0.09398441546349157	0.10824211316538349	0.026381590305541495	2.637092128005028	2.9803437753995468
28099_1#77	0.0	0.0	0.029369223259221987	0.0	92.35929084852998	0.01403307596003781	0.16338509867758305	0.8037945437395941	0.4738167861649909	3.1498241354873437	2.1250086453771537	0.8814776428040858
28099_1#78	0.0	0.0	0.004646439810696298	0.0	96.86036189958077	0.013068111967583337	0.03668751433862285	0.09680082938950621	0.5757713332087829	0.8215486390287392	1.372442159084419	0.2186730735908924
28099_1#79	0.0	0.0	0.0	0.0	98.16763016228012	0.010464161673200426	0.009227488020913102	0.13032637720258713	0.45423974535938216	0.03557814968888145	0.9201803260442519	0.27235358973065615
28099_1#7	0.0	0.0	0.00391408380053417	0.0	98.25606966245147	0.017922383718235405	0.005871125700801254	0.03656578287341132	0.4485746039822712	0.03471174317842145	0.8912780822637414	0.3050925320311251
28099_1#81	0.0	0.0	0.006487089802650287	0.0	94.7640298868225	0.01537351418984246	0.376962122504692	0.1250319911277939	3.2525201899562073	0.03652320423135984	1.104849144059603	0.3182228573053578
28099_1#82	0.0	0.0	0.0	0.0	98.18026181507621	0.011165239670684194	0.04299596680202071	0.13652933421871724	0.2609140217780938	0.007737315210386415	1.2460995116676754	0.11429679557620886
28099_1#83	0.0	0.0	0.008305383143742039	0.0	97.69264867360134	0.004538988462277626	0.006180750246505703	0.44395170129979244	0.5380149941138012	0.007049918249920568	0.936383662345614	0.3629259285370239
28099_1#85	0.0	0.0	0.0030477344883376263	0.0	98.07731492850014	0.019157188212407937	0.008011187797916047	0.11224370729906287	0.3712140606795229	0.054336752020647965	0.919545034195581	0.43512940680639645
28099_1#86	0.0	0.0	0.004431710662474268	0.0	95.82145080911958	0.007533908126206257	0.5961758768693509	0.6538989082480783	0.3006915684488791	0.11378417125902683	1.7941780617027077	0.7078549855636851
28099_1#87	0.0	0.0	0.004488579206260775	0.0	97.80235641607193	0.032916247512579024	0.01566602154341996	0.07692192600533172	0.25206452640648747	0.1073738555223166	1.1697589456943525	0.5384534820373261
28099_1#89	0.0	0.0	0.004823068236436783	0.0	98.10711202989637	0.020290149132596125	0.007151446005751094	0.056878942650392415	0.35707336219413016	0.16132331687392001	0.9019969165625826	0.38335076844782634
28099_1#90	0.0	0.0	0.003088202141359365	0.0	97.74334775523734	0.009264606424078094	0.06670516625336229	0.09563132631076166	0.313040757062461	0.25415903623387576	1.044429964207737	0.4703331861290252
28099_1#91	0.0	0.0	0.0	0.0	91.6036787010291	0.005471383857808388	0.0033793841474698875	0.03483984132986812	0.023736150559609922	6.625765390278639	1.659197154880394	0.04393199391711278
28099_1#93	0.0	0.0	0.006150989492379981	0.0	96.44088370497164	0.009130375027751535	0.3496453089574746	0.16021405443433484	1.6516367879148435	0.034887643527092706	1.0557596808405327	0.29169145483393777
28099_1#94	0.0	0.0	0.006487449023191512	0.0	87.24444484214247	0.010849699228440977	3.186455996080686	4.905406282087705	0.3383540223302469	0.41016337186281504	3.5590369046367365	0.33880143260768136
28099_1#95	0.0	0.0	0.0	0.0	99.041310046847	0.0053265484942291285	0.0038173597541975423	0.016867403565058905	0.059479791518891933	0.007102064658972171	0.7942771562978003	0.07181962886386373
28099_1#98	0.0	0.0	0.009038426604874547	0.0	93.49180117233709	0.042710996309309135	0.4565291555717026	2.925614635162138	0.4447437561751505	0.30721789254019666	1.784912030411647	0.5374319348878913
28099_1#99	0.0	0.0	0.002028416080877006	0.0	94.75187907394692	0.0038539905536663114	0.0013184704525700539	0.009736397188209628	0.07261729569539682	3.736849524995664	1.3723248995173383	0.04939193156936028
28099_2#101	0.0	0.0	0.0	0.0	96.7730326060309	0.011865653346408433	0.022162294680068646	0.0768815886246629	0.12493258151507723	1.086540818828144	1.6941407207648935	0.21044373620985368
28099_2#105	0.0	0.0	0.003018227073295632	0.0	98.60406997860078	0.009457111496326316	0.01921604569998219	0.07545567683239081	0.29226498826412706	0.02967923288740705	0.8041562998950664	0.16268243925063075
28099_2#109	0.0	0.0	0.0063149311904666825	0.0	57.378114863026354	0.022009392531479467	0.05209818232135013	0.22650172314041525	39.77998036799333	0.06036331285004917	1.977502128967611	0.4971150979789485
28099_2#113	0.0	0.0	0.00452040471379942	0.0	97.21975456167797	0.01464218048600247	0.029775709310461397	0.06328566599319188	0.24518282088977286	0.8239911635914812	1.3579885378259604	0.2408589555113565
28099_2#117	0.0	0.0	0.002029931785466218	0.0	89.83648458178551	0.005560247934103119	0.004236379378364281	0.017475064935752658	0.030007687263413657	0.0	9.951696449296275	0.15250965762109558
28099_2#121	0.0	0.0	0.003913762518351451	0.0	97.27975301427976	0.006280223575959304	1.0979469129970592	0.09693388562893708	0.564491979972458	0.04450767142962463	0.8414589414455619	0.06471360815227456
28099_2#126	0.0	0.0	0.0	0.0	92.30301918527502	0.0039706268905147285	0.092197956397752	0.0831449270873784	1.947513077259664	3.9825387711862725	1.1442552573085343	0.4433601985948741
28099_2#12	0.0	0.0	0.0	0.0	99.10374768058179	0.0035363326981802446	0.017473643920420036	0.05221291219077891	0.0387956498947421	0.0	0.6848004260240803	0.09943335469002079
28099_2#130	0.0	0.0	0.003081226739072383	0.0	92.609911092603	0.006349194492634	0.10989708702691499	6.410165433864735	0.10373463354877023	0.025863630506759088	0.6548073673065037	0.07619033391161167
28099_2#134	0.0	0.0	0.002678496693730644	0.0	96.35632376328786	0.010713986774922576	0.14999581484891605	0.1319159621662342	1.6476102787310622	0.039926341340922405	1.4035322675148574	0.25730308864149265
28099_2#138	0.0	0.0	0.0021443627918745806	0.0	91.06015152067486	0.006754742794404929	0.7128934101587042	4.993041542740366	0.022301373035495637	0.0	3.1034290505404867	0.09928399726381087
28099_2#142	0.0	0.0	0.011020479296876334	0.0	95.53149465036888	0.03869982264717039	0.05911760987161569	0.32489056407767986	1.640684534081473	0.6549923625515571	1.042844889743949	0.6962550873607967
28099_2#146	0.0	0.0	0.004430189898244076	0.0	98.27194905281617	0.00922956228800849	0.015136482152333926	0.04753224578324373	0.4698770160825123	0.025935070029303862	0.8671173769583977	0.28879300399178476
28099_2#150	0.0	0.0	0.03045469477671066	0.0	95.0336431621867	0.11524860383775531	0.1773947322653578	0.5218265087248063	0.5129374480666293	0.180331987091538	2.382577441109973	1.0455854219405296
28099_2#154	0.0	0.0	0.025665022204132845	0.0	97.94204544177971	0.003370154430845728	0.003370154430845728	0.06290954937578691	0.4027766615941522	0.0	1.4065641966891256	0.15329881949540436
28099_2#158	0.0	0.0	0.012160810131060367	0.0	70.44600692429158	0.024137365563165276	0.02957287918235135	0.31590468135913635	25.519552187379656	0.10207710322132489	3.0459144284327113	0.5046736204390214
28099_2#162	0.0	0.0	0.0	0.0	98.80692212698885	0.005504819469445499	0.00385337362861185	0.024037711683245346	0.07844367743959836	0.008165482213010824	1.014905216183435	0.05816759239380076
28099_2#166	0.0	0.0	0.028002501424862263	0.0	94.40870195047812	0.015633905389145716	0.07440947375087074	0.3077306693686277	0.24222658476347286	2.243069628269267	1.9328652396934962	0.7473600468621271
28099_2#170	0.0	0.0	0.020778985877826023	0.0	98.93478090012844	0.0030145678993737236	0.09183665779163522	0.04597216046544928	0.03423687828574443	0.0034452204564271124	0.6656811900652762	0.2002534390298365
28099_2#174	0.0	0.0	0.020048534556642336	0.0	98.86293453535858	0.0034206030523181237	0.09653701947653372	0.07544330065390528	0.02422927162058671	0.0033255863008648423	0.703504027760094	0.2105571212204893
28099_2#178	0.0	0.0	0.03062859875798575	0.0	95.55737907640852	0.07804560057850381	0.1088379886346606	0.24036079506601116	0.640579945146964	0.9237716416847039	1.1325211022037032	1.2878752515189404
28099_2#182	0.0	0.0	0.0077500706932124045	0.0	95.84145868898129	0.0809568195385566	0.15489668317920469	0.06440937130169769	1.637987914078946	0.009216300283820157	1.9776295256747276	0.22569462626854886
28099_2#186	0.0	0.0	0.004192588900353808	0.004580791576312493	77.29969324224545	0.015761028643922648	0.02018653914985167	2.730229420017438	15.503572629226847	0.02104058503696078	4.101594193109092	0.2991489820937687
28099_2#190	0.0	0.0	0.0034078516902944387	0.0	98.30493456924755	0.004770992366412214	0.12455697928026171	0.020361913849509267	0.04438726826608506	0.004089422028353326	1.261757088331516	0.2317339149400084
28099_2#194	0.0	0.0	0.003916402606187916	0.0	98.63495567344323	0.004984512407875529	0.02136219603375227	0.027058781642752876	0.05625378288888098	0.014864528073485955	1.1426994695054653	0.09390465339836851
28099_2#198	0.0	0.0	0.015144297357320112	0.0	98.37035858437243	0.017348846972626203	0.0815683357663254	0.2217010113131735	0.00690119879574081	0.01016009822706286	1.1251829536555746	0.15163467353974625
28099_2#202	0.0	0.0	0.017298061408117998	0.0	16.065714033284817	0.0	81.34171576309096	0.02380808451870004	0.0	0.0	1.5312504359390475	1.0202136217583586
28099_2#206	0.0	0.0	0.0	0.0	96.45211146365409	0.013427855953786833	0.023654368766273495	0.07398659704338176	0.34779036182291595	1.2171328770826515	1.5953359987479192	0.276560476928978
28099_2#20	0.0	0.0	0.021846147579983745	0.0	91.62255781360793	0.015273789621598805	0.014070400136260717	3.5378725184720285	2.146291431311454	0.47385775195735935	1.649291573866824	0.5189385734465759
28099_2#210	0.0	0.0	0.0	0.0	91.96865843312983	0.006939348360492208	0.14173619026305334	6.260159639709033	0.20462403478001398	0.034609999947954884	1.1921800483325613	0.19109230547705636
28099_2#215	0.0	0.0	0.007886279844640288	0.0	97.22671799917912	0.07886279844640287	0.41241658914812046	0.1662391944523606	0.0980407971595054	0.01182941976696043	1.7377596871297707	0.26024723487313395
28099_2#219	0.0	0.0	0.002256439515735845	0.0	94.26276076986493	0.005238163161529641	0.00378759490141374	0.01515037960565496	1.3064784796110542	0.010315152071935292	4.334136786975186	0.059876234292545405
28099_2#223	0.0	0.0	0.005119808080337102	0.0	95.00233591243665	0.05302658368920571	0.39294527016587266	0.5334657169422677	1.9430585916322223	0.07670569606076481	1.51217188658528	0.4811705344073971
28099_2#227	0.005228441393321538	0.0	0.11021222492588892	0.013942510382190765	73.30598498856382	0.05261637846612467	0.3985234217576194	11.273847502132872	1.8544368719645994	3.153331098105478	3.465875705839588	6.366000856468489
28099_2#231	0.0	0.0	0.0	0.0	98.35249437865814	0.003600690953642999	0.12725599870375126	0.03771249998815562	0.042071231142565564	0.025962876876267943	1.2146646667039371	0.1962376569735369
28099_2#235	0.0	0.0	0.0	0.0	99.10352686110078	0.004203755116059418	0.018603852428518277	0.06037307879447036	0.017351670053521853	0.003219897535705086	0.6814555367926959	0.11126534817825018
28099_2#239	0.0	0.0	0.005686966244481715	0.0	88.34490004433906	0.01137393248896343	0.10323289572610028	1.9155437318065276	2.3970080774198523	1.1108862028415554	5.544792088369672	0.5665760607637793
28099_2#243	0.0	0.0	0.007729740480477194	0.0	96.65545420041914	0.1499917057279114	0.006687528280862292	0.11855163770619517	0.13757201034916713	0.04359921035055676	2.4320890188180098	0.4483249478677038
28099_2#247	0.0	0.0	0.0	0.0	98.72293408709363	0.012336209994475524	0.0020560349990792538	0.07589450931383855	0.004737819780486977	0.005095391084674673	1.0916651916850368	0.08528075604877472
28099_2#24	0.0	0.0	0.0	0.0	93.73855186384755	0.010411991379275487	0.39899155314563445	0.5958085164024245	1.4750658078290089	0.12635911868052774	3.3289057098147676	0.32590543890081847
28099_2#251	0.0	0.0	0.013630766897637455	0.0	94.4621173004221	0.02662964393909304	0.031775032768002545	0.5083102543085861	0.21159283184147148	0.6525616814769613	1.6575373627444963	2.4358451256016593
28099_2#255	0.0	0.0	0.007875569620940687	0.0	97.90799524206967	0.08319136185798266	0.17715505457679223	0.09342054998633091	0.09676993016994936	0.01258280663575581	1.3804877783832814	0.2405217066992833
28099_2#259	0.0	0.0	0.0037941762843286724	0.0	92.23366607109597	0.011382528852986016	3.1449409833125226	0.1602177167336971	0.2730944611924751	0.020091888051104106	3.9672424616615736	0.18556971281535084
28099_2#263	0.0	0.0	0.0015993075938887636	0.0	95.50190035372921	0.0102543839843456	1.685105742455031	0.06660645743960261	0.22917137051253106	0.28947467449386616	2.0189847219086325	0.1969029878828934
28099_2#267	0.0	0.0	0.08456372111018855	0.0	85.228642871987	0.05315160273630197	0.040127065849568516	3.4681660207070983	6.657357953538795	0.06550575904798296	3.6493603132784194	0.7531246917446452
28099_2#271	0.0	0.0	0.0	0.0	98.05904243817501	0.006638670445018532	0.011475416054960604	0.15837970918829924	0.35109082839226574	0.029020473659652435	1.1578789637604465	0.22647350032434588
28099_2#283	0.0	0.0	0.03210870837842153	0.0	95.60616274325452	0.013216015327029856	0.08736761810150609	0.42876656436820354	0.24941902751414732	1.1130723244221319	1.7754696563836017	0.6944173422504321
28099_2#287	0.0	0.0	0.00692440468890652	0.0	98.1223183574311	0.08142432501653932	0.10119642033305552	0.09285376408136092	0.0534764265733624	0.012764264065092741	1.2716710924458081	0.25737094536475524
28099_2#28	0.0	0.0	0.0033521287782019888	0.0	0.9037515613862993	0.0	97.46684921066189	0.14167154783664193	0.0	0.0	1.1355777305735317	0.348797820763437
28099_2#291	0.0	0.0	0.003041828079801869	0.0	93.3520356698498	0.023353389773962736	0.15199328050364821	4.756830375891452	0.25217736016421943	0.12736428540589761	1.1569740286756078	0.1762297816556071
28099_2#295	0.0	0.0	0.0	0.0	98.26863453100859	0.014808343710039591	0.006053725416053922	0.06957127516603506	0.6271659531031862	0.04526323926464932	0.8108266688025452	0.15767626352888442
28099_2#299	0.002740005282730185	0.0	0.015892030639835072	0.0	81.56316205377644	0.023344845008861175	0.2411204648802563	15.567285213725892	0.5418634447127214	0.24495647227607856	1.1955191049608345	0.6041163647363561
28099_2#304	0.0	0.0	0.0037726310706349716	0.0	94.01189133313464	0.009431577676587428	1.5012242187824212	1.4618945398710514	0.6297464414657427	0.07101977990470333	2.057875933254611	0.25314354483960244
28099_2#308	0.0	0.0	0.015160024065346379	0.0	94.58062510786024	0.021548210306718753	0.8490566937227013	0.29709833325546736	2.8766860759469535	0.07856515616254978	1.0724525200441262	0.2088078786358949
28099_2#312	0.0	0.0	0.04077561435411335	0.0	1.175087379581657	0.0	95.91503312790104	0.20927215528377907	0.0	0.0	1.985388433439295	0.6744432894401058
28099_2#316	0.0	0.0	0.0029882380036820927	0.0	98.03133422640349	0.010349507232264807	0.008235875473562838	0.10728503271756194	0.2867979644997325	0.06049359861112528	1.3065888461465578	0.18592671091202817
28099_2#320	0.0	0.0	0.0	0.0	99.1227361953484	0.003343666077039697	0.003099007583597768	0.012885347321274932	0.04640356092281921	0.005137828362280511	0.7022514290094838	0.10414296537510381
28099_2#32	0.0	0.0	0.0	0.0	93.98430013745173	0.05057660344423653	0.07008328548833571	2.371771216784595	0.2865672362148591	0.030868821585249732	2.625659733080216	0.5801729659507799
28099_2#36	0.0	0.0	0.3630183023069539	0.0	62.9056710738513	0.012025451008097853	0.3597971993583563	19.172648970642868	13.687969609967382	0.13324629197365567	2.222561034532371	1.1430620663590076
28099_2#3	0.0	0.0	0.0032298404963457383	0.0	75.58442449793642	0.035931975521846335	0.10981457687575509	5.248995469139379	11.322205859939984	0.01069884664414526	7.092729729975241	0.5919692034708675
28099_2#40	0.0	0.0	0.011972394780868737	0.0	96.58994964306648	0.011139532535243087	0.010931316973836674	0.09015733808897676	0.399461554558203	0.021550310605563727	2.6678659883003677	0.1969719210904799
28099_2#44	0.0	0.0	0.4519349550379962	0.0	76.32628967189207	0.013047714650689528	0.15478377621906692	19.473293222133133	1.1257862826429619	0.04808714189810576	1.6633731709524198	0.7434040645735394
28099_2#48	0.0	0.0	0.00347446322175393	0.0	63.82641581744117	0.01042338966526179	2.2903029837216136	29.989144934601125	0.263743344560412	0.019899198451863418	3.512471743664632	0.08412412467215802
28099_2#52	0.0	0.0	0.005873019720295105	0.0	86.19169163476901	0.16295299160437846	0.013517267610203021	0.14710516061310597	0.10683302538822524	0.02666164507943492	13.161530415716575	0.18383483949877188
28099_2#56	0.0	0.0	0.006184686330103767	0.0	93.54589327164109	0.07605231471549477	0.29754139391233597	0.10011460996855474	3.0761083634353614	0.006764500673550996	2.7011617546728206	0.19017910465066734
28099_2#60	0.0	0.0	0.0	0.0	98.26331640388743	0.007870949567926295	0.07819167004979412	0.09559061119994698	0.14033074558605435	0.0778809746721128	0.7503293371003422	0.5864893079363895
28099_2#64	0.0	0.0	0.002285649986110281	0.0	96.75842086200652	0.03287819595404789	0.04993266123502459	0.7818681144794168	0.3281665922365261	0.2509819503978789	1.2693269288248594	0.5261390448796277
28099_2#68	0.0	0.0	0.003812617476275988	0.0	97.04814446261793	0.010166979936735968	0.13471248416175155	0.023384053854492725	0.30208639137026744	0.12124123574557641	1.9651501345218532	0.3913016403151346
28099_2#72	0.0	0.0	0.0	0.0	0.51750431878491	0.0	97.63950167361702	0.053522000729248974	0.0	0.0	1.5321727214015828	0.2572992854672407
28099_2#76	0.0	0.0	0.004978520450102502	0.0	96.67877369084273	0.016705701954788394	0.023011827858251566	0.08751132613402399	0.5926652011377579	0.9801047259435126	1.448417549616488	0.16783145606231642
28099_2#80	0.0	0.0	0.0	0.0	95.99707063793444	0.003392313018699627	0.0025941217201820676	0.35190258873392893	1.849209690840555	0.005188243440364135	1.1928968956344923	0.5977455086773489
28099_2#84	0.0	0.0	0.009605064792426198	0.0	88.71989543007722	0.010127079183318925	0.20682210167169887	8.16200821024234	0.170489900065565	0.09009968386808488	2.4948111769545265	0.13614135314482212
28099_2#88	0.0	0.0	0.02747800107456925	0.0	94.46445753610146	0.014447196441268368	0.07280253892952884	0.4799679706599158	0.29545933114201783	1.533102492944008	2.3947408427908963	0.7175440899163306
28099_2#8	0.0	0.0	0.0037812288993923026	0.0	98.77434166103983	0.006482106684672519	0.0	0.08804861580013505	0.3431195138419987	0.014044564483457124	0.6604186360567185	0.10976367319379676
28099_2#92	0.0	0.0	0.004129421114151526	0.0	96.6887941837525	0.01837171026295985	0.02823175659675023	0.8890053741466215	0.19467270966714337	0.06935741993768788	1.8169452902266716	0.2904921342955049
28099_2#96	0.0	0.0	0.0021561966071815147	0.0	86.67108255731819	0.005692359042959199	1.3085525969663176	7.141581906578039	0.02915177812909408	0.0	4.702233560941447	0.13954904441676774
28099_2#97	0.0	0.0	0.0	0.0	95.31027548637483	0.008448262734713077	0.023258797405444644	0.0856299222864128	0.4603781692718954	1.4544570843898006	2.4390447413736456	0.21850753616324425
